Mode,Category,Question,Answer,Ground Truth,Latency,Faithfulness,Answer Relevance
Graph Hybrid,Financial Analyst,2022년 11월 3일 임시주주총회에서 사외이사 허은녕과 유명희의 임명 또는 해임 여부와 그 영향은 무엇인가요?,"2022년 11월 3일 임시주주총회에서 허은녕과 유명희는 삼성전자의 신규 사외이사로 선임되었습니다. 이 두 인사의 임명은 삼성전자의 이사회 구성에 중요한 변화를 가져왔으며, 회사의 경영 및 의사결정 과정에 긍정적인 영향을 미칠 것으로 기대됩니다.

허은녕은 이사회에서 사외이사로 활동하며, 내부거래위원회 위원장으로도 선임되었습니다. 그는 보상위원회와 지속가능경영위원회에도 참여하고 있으며, 이사회에서의 출석률이 100%에 달하는 등 적극적인 활동을 보여주고 있습니다. 이러한 그의 역할은 삼성전자의 투명한 경영과 지속 가능한 발전을 도모하는 데 기여할 것으로 보입니다.

유명희 또한 사외이사로서 이사회에 포함되었으며, 감사위원회와 지속가능경영위원회에 참여하고 있습니다. 그녀는 미국 변호사 자격을 보유하고 있어 법적 자문을 제공하는 데 중요한 역할을 할 수 있습니다. 유명희의 전문성은 삼성전자가 법적 및 윤리적 기준을 준수하는 데 도움을 줄 것으로 예상됩니다.

결론적으로, 허은녕과 유명희의 임명은 삼성전자의 이사회에 새로운 시각과 전문성을 더하며, 회사의 전략적 결정과 지속 가능한 경영에 긍정적인 영향을 미칠 것으로 판단됩니다.",제공된 자료에는 2022년 11월 3일 임시주주총회에서 사외이사 허은녕과 유명희에 관한 구체적인 내용이 포함되어 있지 않습니다. 따라서 이 날짜의 임시주주총회에서 이들의 임명 또는 해임 여부와 그 영향에 대한 정보는 확인할 수 없습니다.,32.73,0.6153846153846154,0.7946936739983864
Graph Hybrid,Financial Analyst,2024년 12월 31일 기준으로 삼성전자의 최대주주가 삼성생명보험㈜로 변경된 이유와 그 변동 과정은 어떻게 되나요?,"2024년 12월 31일 기준으로 삼성전자의 최대주주가 삼성생명보험㈜로 변경된 이유는 삼성전자가 콜옵션을 행사한 결과입니다. 이 과정에서 삼성생명보험㈜은 삼성전자의 주식 513,535,800주를 보유하게 되었으며, 이는 전체 지분의 8.60%에 해당합니다. 

삼성생명보험㈜은 2021년부터 최대주주로 변동되었으며, 이 시점 이후 삼성전자의 주식 보유 비율을 지속적으로 증가시켜 왔습니다. 이러한 변화는 삼성전자의 지배구조와 자본구성에 중요한 영향을 미치며, 삼성생명보험㈜의 지분율 상승은 삼성전자의 재무적 안정성과 신용등급 관리에도 기여할 수 있습니다.

결론적으로, 삼성전자의 최대주주가 삼성생명보험㈜로 변경된 것은 콜옵션 행사와 관련된 주식 보유 비율의 변화에 기인하며, 이는 삼성전자의 지배구조에 중요한 변화를 가져온 사건입니다.",2021년 4월 29일에 기존 최대주주가 소유하던 삼성전자의 주식이 상속으로 인해 최대주주가 삼성생명보험㈜로 변동되었습니다. 이로 인해 2024년 12월 31일 기준 최대주주는 삼성생명보험㈜로 변경되었습니다.,23.88,0.4,0.8692090250299912
Graph Hybrid,Risk Manager,"마. 합병 등에 관한 사항이 사업 보고서에 어떻게 언급되어 있으며, 이와 관련된 잠재적 리스크는 무엇일까요?","사업 보고서에서 합병과 관련된 사항은 주로 기업의 전략적 결정과 그에 따른 시장 내 위치 변화, 그리고 잠재적 리스크를 평가하는 데 중점을 두고 언급됩니다. 예를 들어, 삼성전자는 Harman의 인수를 통해 오디오 시장에서의 점유율을 높이고 있으며, 이는 향후 매출 성장의 기회로 작용할 수 있습니다. 그러나 이러한 합병은 경제적 불확실성과 경쟁사의 기술 발전과 같은 리스크 요소를 동반합니다. 이러한 리스크는 사업 보고서에서 합병과 관련된 사항으로 명시될 수 있습니다.

또한, 삼성바이오로직스㈜의 경우 Biogen Therapeutics Inc.와의 합작 투자 관계가 글로벌 시장에서의 입지를 강화하는 전략으로 보이지만, 합병에 관한 구체적인 사항은 보고서에 포함되어 있지 않습니다. 대신, 회계처리 수정과 관련된 법적 분쟁이 재무적 안정성에 위협이 될 수 있으며, 이는 기업 이미지와 시장 신뢰도에 영향을 미칠 수 있는 잠재적 리스크로 언급되고 있습니다. 따라서 합병과 관련된 구체적인 리스크는 명시되어 있지 않지만, 법적 분쟁이 기업에 미치는 영향은 중요한 고려 요소로 작용합니다.

결론적으로, 사업 보고서에서는 합병의 전략적 이점과 함께 경제적 불확실성, 경쟁사의 기술 발전, 법적 분쟁 등 다양한 잠재적 리스크를 종합적으로 평가하고 있습니다.","2021년 중 종속기업 Viv Labs, Inc.는 종속기업 Samsung Research America, Inc (SRA)에 합병되었고, 종속기업 Prismview, LLC는 종속기업 Samsung Electronics America, Inc. (SEA)에 합병되었습니다. 또한, 2023년 중 종속기업 Samsung Display America Holdings, Inc. (SDAH)는 eMagin Corporation 지분을 인수하였습니다. 이러한 합병 및 지분 인수는 사업 보고서에 주요 사항으로 언급되어 있으며, 잠재적 리스크로는 합병 과정에서의 통합 문제, 지분 인수에 따른 재무적 부담, 그리고 관련 규제 문제 등이 고려될 수 있습니다. 자세한 내용은 'XII. 상세표'의 '1. 연결대상 종속회사 현황(상세)' 항목을 참고하시기 바랍니다.",26.5,0.6153846153846154,0.0
Graph Hybrid,Risk Manager,최대주주 관련 사항이 뭐라고 잘못 쓰여 있을까?,"최대주주 관련 사항에 대한 정보는 여러 출처에서 다소 상이하게 나타나고 있습니다. 삼성전자가 삼성생명보험㈜의 최대주주 변동을 통해 지배구조를 강화하고 있다는 점은 확인되지만, 삼성생명보험의 지분율에 대한 정보는 2025년 6월 30일 기준으로 8.60%로 명시되어 있습니다. 

그러나 중간 그래프 답변에서 언급된 최대주주 및 특수관계인의 주식소유 현황은 2024년 12월 31일 기준으로 제공되고 있으며, 이와 관련된 구체적인 잘못된 정보는 명시되어 있지 않습니다. 따라서 최대주주 관련 사항이 잘못 쓰여 있다고 판단할 수 있는 근거는 명확하지 않으며, 현재로서는 제공된 정보 내에서 상충되는 내용이 발견되지 않습니다.

결론적으로, 최대주주 관련 사항에 대한 잘못된 정보는 확인되지 않으며, 다만 주식소유 현황의 기준일이 서로 다르다는 점이 주의할 필요가 있습니다. 추가적인 정보가 필요할 경우, 지식 그래프 내에 관련 정보가 부족하여 답변할 수 없습니다.","최대주주 관련 사항에 대한 자세한 내용은 'VII. 주주에 관한 사항'을 참고하시기 바랍니다. 소유주식수 및 지분율은 최대주주 및 그 특수관계인의 합산 내역이며, 의결권 있는 주식(기타 법률에 의해 의결권 행사가 제한된 주식도 포함) 기준입니다. 또한, 2021년과 2023년 중에 종속기업의 사명이 변경된 사례도 포함되어 있습니다.",19.23,0.7,0.0
Graph Hybrid,Tech Investor,"종속기업 Viv Labs, Inc.의 현재 상태는 무엇입니까?","Viv Labs, Inc.는 2021년에 삼성전자의 종속기업으로 합병되었습니다. 이로 인해 Viv Labs는 삼성 리서치 아메리카에 통합되었으며, 현재는 삼성전자의 연구 및 개발 부문에서 활동하고 있습니다. 따라서 Viv Labs, Inc.는 독립적인 기업으로 존재하지 않으며, 삼성전자의 일원으로서 기술 개발 및 혁신에 기여하고 있습니다.","2021년 중 종속기업 Viv Labs, Inc.는 종속기업 Samsung Research America, Inc (SRA)에 합병되었습니다.",16.28,0.6,0.8521663583451345
Graph Hybrid,Risk Manager,이 초고화소 기술 집약된 '아이소셀 HP2' 출시가 비즈니스 리스크에 어떤 영향을 미칠 수 있습니까?,"아이소셀 HP2의 출시는 삼성전자의 비즈니스 리스크에 여러 가지 긍정적 및 부정적 영향을 미칠 수 있습니다. 

첫째, 이 초고화소 이미지 센서 기술은 삼성전자가 고화소 이미지 센서 시장에서 점유율을 확대하는 데 기여할 수 있습니다. 특히, 저조도 감도를 대폭 향상시킨 이 제품은 시장에서 긍정적인 반응을 얻고 있으며, 이는 삼성전자가 이미지 센서 시장에서의 리더십을 유지하는 데 중요한 역할을 할 것입니다. 이러한 기술 혁신은 소비자 수요를 증가시켜 매출 성장에 긍정적인 영향을 미칠 수 있습니다.

둘째, 아이소셀 HP2의 출시는 자율주행 및 모바일 기기에서의 수요 증가와 같은 새로운 시장 기회를 창출할 수 있는 가능성을 제공합니다. 이는 삼성전자가 AI 및 D2C(Direct to Consumer) 전략을 통해 경쟁력을 높이는 데 기여할 수 있습니다. 

그러나, 이러한 긍정적인 요소와 함께 몇 가지 리스크도 존재합니다. 초고화소 기술의 도입은 경쟁 심화와 공급망 불안정성 같은 리스크를 완화할 수 있는 기회를 제공할 수 있지만, 기술 개발 및 생산 과정에서의 실패나 지연은 비즈니스 리스크를 증가시킬 수 있습니다. 또한, 원자재 가격 상승과 같은 외부 요인도 비즈니스 리스크에 영향을 미칠 수 있습니다.

결론적으로, 아이소셀 HP2의 출시는 삼성전자가 반도체 및 모바일 시장에서의 경쟁력을 높이는 데 기여할 수 있지만, 그 과정에서 발생할 수 있는 다양한 리스크를 고려해야 합니다. 지속적인 기술 혁신과 시장 대응 전략이 필요하며, 이를 통해 리스크를 관리하고 새로운 시장 기회를 창출할 수 있는 가능성을 극대화할 수 있습니다.","경영활동과 관련된 중요한 사항의 발생 내용에 따르면, 2023년에 초고화소 기술 집약된 2억 화소 이미지센서 '아이소셀 HP2'가 출시되었습니다. 이와 관련된 잠재적 비즈니스 리스크는 제공된 컨텍스트 내에서 명확하게 언급되지 않았습니다.",34.93,1.0,0.0
Graph Hybrid,Risk Manager,2024.03.20 정기주총에서 사외이사 신제윤이 감사위원회 위원이 되는 것과 관련된 잠재적 리스크는 무엇입니까?,"2024년 3월 20일 정기주주총회에서 신제윤이 삼성전자의 감사위원회 위원으로 선임된 것은 회사의 경영 전략에 중요한 영향을 미칠 수 있습니다. 신제윤의 임기는 2027년 3월 28일에 만료되며, 이 시점에서 그의 역할이 삼성전자의 경영 방향에 어떤 변화를 가져올지에 대한 논의가 필요합니다.

그러나 현재 제공된 정보에서는 신제윤이 감사위원회 위원이 되는 것과 관련된 구체적인 잠재적 리스크에 대한 내용이 부족합니다. 일반적으로 감사위원회는 내부회계 관리제도를 평가하고, 재무적 투명성을 확보하는 중요한 역할을 수행합니다. 따라서 신제윤의 경영 전략이나 의사결정 방식이 감사위원회의 기능에 부정적인 영향을 미칠 경우, 이는 회사의 재무 건전성이나 주주 신뢰에 부정적인 결과를 초래할 수 있습니다.

결론적으로, 신제윤의 감사위원회 위원 선임이 삼성전자의 경영 전략에 중요한 전환점을 의미할 수 있지만, 구체적인 리스크에 대한 정보는 지식 그래프 내에 부족하여 명확한 분석이 어렵습니다. 향후 그의 경영 스타일이나 감사위원회에서의 활동이 어떻게 전개될지에 대한 지속적인 모니터링이 필요할 것입니다.",2024.03.20 정기주총에서 사외이사 신제윤이 감사위원회 위원이 되는 것과 관련된 구체적인 잠재적 리스크에 대한 정보는 제공된 맥락에 포함되어 있지 않습니다.,27.32,1.0,0.0
Graph Hybrid,Risk Manager,2024년 3월 20일 김선욱 사외이사 퇴임이 회사의 잠재적 리스크에 어떤 영향을 미칠 수 있나요?,"2024년 3월 20일 김선욱 사외이사의 퇴임은 삼성전자에 여러 가지 잠재적 리스크를 초래할 수 있습니다. 첫째, 사외이사는 회사의 경영진과 주주 간의 이해관계를 조정하고, 독립적인 시각에서 경영을 감시하는 역할을 수행합니다. 김선욱 이사의 퇴임으로 인해 이러한 독립적인 의견이 줄어들 수 있으며, 이는 경영의 투명성과 책임성을 저해할 수 있습니다.

둘째, 김선욱 이사는 지속가능경영위원회에 100% 출석하며 활동해왔습니다. 그의 퇴임은 지속가능한 경영 전략의 추진에 차질을 빚을 수 있으며, 이는 장기적으로 회사의 이미지와 브랜드 가치에 부정적인 영향을 미칠 수 있습니다. 지속가능한 경영은 현대 기업의 중요한 요소로, 이를 소홀히 할 경우 소비자와 투자자 신뢰를 잃을 위험이 있습니다.

셋째, 김선욱 이사의 퇴임은 주주총회에서의 의사결정 과정에도 영향을 미칠 수 있습니다. 사외이사의 수가 줄어들면, 다양한 의견이 반영되지 않을 가능성이 높아지며, 이는 경영 전략의 다양성과 혁신성을 저해할 수 있습니다.

마지막으로, 김선욱 이사의 퇴임과 함께 신제윤 사외이사도 같은 날 퇴임함에 따라, 회사의 이사회 구성에 변화가 생기고, 이는 새로운 이사들의 경영 철학이나 전략에 따라 회사의 방향성이 달라질 수 있는 리스크를 내포하고 있습니다.

결론적으로, 김선욱 사외이사의 퇴임은 삼성전자의 경영 투명성, 지속가능한 경영 추진, 주주 의사결정 과정 및 이사회 구성에 여러 가지 잠재적 리스크를 초래할 수 있습니다. 이러한 리스크를 관리하기 위해서는 새로운 사외이사들의 적절한 선임과 그들의 경험 및 전문성을 고려한 경영 전략이 필요할 것입니다.","2024년 3월 20일 김선욱 사외이사가 퇴임함에 따라, 감사위원회 위원이 되는 사외이사로서의 역할이 종료됩니다. 이는 회사의 지배구조와 감사 기능에 영향을 미칠 수 있으며, 잠재적 리스크 평가 시 이 변화가 고려되어야 합니다.",28.76,0.5238095238095238,0.8272963478299079
Graph Hybrid,Tech Investor,이 소유주식수 및 지분율이 왜 중요한가요?,"소유주식수 및 지분율은 기업의 지배구조, 재무 안정성, 그리고 성장 가능성을 평가하는 데 매우 중요한 요소입니다. 이러한 지표들은 기업의 소유 구조와 경영 안정성에 직접적인 영향을 미치며, 주주 가치를 제고하는 데 기여합니다. 예를 들어, 삼성전자가 삼성생명보험㈜의 최대주주 변동을 통해 지배구조를 강화하고 있다는 사실은 이러한 지분율이 기업의 경영 안정성에 긍정적인 영향을 미칠 수 있음을 보여줍니다. 높은 지분율은 자사주 매입과 같은 전략을 통해 주주들에게 더 많은 가치를 제공할 수 있는 기회를 창출합니다.

또한, 소유주식수와 지분율은 기업의 인센티브 구조와도 밀접한 관련이 있습니다. 삼성전자는 임원 및 우수 인력에게 주식기준보상약정을 통해 보통주를 부여하고 있으며, 이는 인재 유치 및 유지에 기여하고 있습니다. 이러한 보상 구조는 우수 인력의 리텐션을 강화하고 장기 성과를 촉진하는 데 중요한 역할을 합니다. 따라서, 소유주식수와 지분율은 임직원들이 회사의 성과에 직접적으로 연관되어 있음을 나타내며, 이는 기업의 지속 가능한 성장에 기여합니다.

지분율은 또한 기업의 전략적 투자와 성장 가능성을 평가하는 데 중요한 지표로 작용합니다. 예를 들어, 삼성전자가 레인보우로보틱스의 지분 20.3%를 인수한 것은 AI 및 소프트웨어 기술을 접목한 제품 개발을 통해 사용자 경험을 향상시키고, 시장에서의 경쟁력을 강화하는 데 기여할 수 있습니다. 이러한 지분율은 기업이 기술 혁신을 이루고, 지속 가능한 경영을 위한 다양한 인증과 정책을 추진하는 데 중요한 역할을 합니다.

결론적으로, 소유주식수 및 지분율은 기업의 자본 구조와 성장 가능성, 경영권 안정성, 그리고 전략적 결정에 대한 통제력을 강화하는 데 필수적인 요소로 작용합니다. 이러한 지표들은 기업의 재무 건전성과 장기적인 성장 가능성을 평가하는 데 중요한 역할을 하며, 외부 투자자들의 신뢰를 유지하는 데도 기여합니다.","※ 소유주식수 및 지분율은 최대주주 및 그 특수관계인의 합산 내역이며, 의결권 있는 주식(기타 법률에 의해 의결권 행사가 제한된 주식도 포함) 기준입니다. 자세한 사항은 'VII. 주주에 관한 사항'을 참고하시기 바랍니다.",30.88,1.0,0.8736721080324177
Graph Hybrid,Tech Investor,소유주식수 및 지분율이 기업의 시장 점유율에 어떤 영향을 미치나요?,"소유주식수 및 지분율은 기업의 시장 점유율에 여러 가지 방식으로 영향을 미칠 수 있습니다. 우선, 소유주식수는 기업이 발행한 주식의 총량을 의미하며, 이는 기업의 자본 구조와 직접적으로 연결됩니다. 기업이 더 많은 주식을 발행하고 이를 통해 자본을 조달하면, 이를 활용하여 제품 개발, 마케팅, 또는 시장 확장에 투자할 수 있습니다. 이러한 투자는 궁극적으로 시장 점유율을 증가시키는 데 기여할 수 있습니다.

지분율은 특정 기업이 다른 기업에 대해 보유하고 있는 소유 비율을 나타내며, 이는 기업의 의사결정에 중요한 역할을 합니다. 예를 들어, 삼성전자가 자회사나 관계기업에 대한 높은 지분율을 보유하고 있다면, 해당 기업의 전략적 방향이나 제품 개발에 더 큰 영향력을 행사할 수 있습니다. 이는 시장에서의 경쟁력을 높이고, 결과적으로 시장 점유율을 증가시키는 데 기여할 수 있습니다.

특히, 삼성전자의 경우, 2006년 말 14.2%의 TV 판매 시장 점유율이 2024년 말에는 약 28%로 증가한 사례에서 볼 수 있듯이, 기업의 전략적 투자와 제품 라인업 확대가 시장 점유율에 긍정적인 영향을 미쳤습니다. AI TV와 같은 혁신적인 제품 라인업을 통해 시장 점유율을 높이려는 노력은 이러한 지분율과 소유주식수의 효과를 잘 보여줍니다.

결론적으로, 소유주식수와 지분율은 기업의 자본 조달 및 의사결정에 영향을 미치며, 이는 시장 점유율에 직접적이고 간접적인 영향을 미칠 수 있습니다. 기업이 자본을 효과적으로 활용하고, 전략적으로 지분을 관리하는 것이 시장에서의 경쟁력을 높이는 데 중요한 요소로 작용합니다.","소유주식수 및 지분율은 최대주주 및 그 특수관계인의 합산 내역이며, 의결권 있는 주식을 기준으로 합니다. 이는 기업의 지배력과 시장 점유율에 영향을 미칠 수 있습니다.",23.63,1.0,0.8684647186416522
Graph Hybrid,Risk Manager,"2021년 중 종속기업인 Samsung Research America, Inc이 합병된 배경과 그로 인한 회사의 경영활동에 어떤 변화가 있었는지 구체적으로 설명해 주시겠습니까?","2021년 중 삼성전자의 종속기업인 Samsung Research America, Inc.가 Viv Labs, Inc.와 합병된 배경은 삼성전자가 인공지능(AI) 및 음성 인식 기술을 강화하기 위한 전략의 일환으로 볼 수 있습니다. Viv Labs는 AI 기반의 개인 비서 기술을 개발한 회사로, 삼성전자는 이를 통해 자사의 제품에 더 나은 사용자 경험을 제공하고, 스마트홈 및 IoT(사물인터넷) 생태계에서의 경쟁력을 높이려는 목표를 가지고 있었습니다.

이 합병으로 인해 삼성전자의 경영활동에는 몇 가지 중요한 변화가 있었습니다. 첫째, AI 기술의 통합이 가속화되면서 삼성전자의 소비자 전자제품, 특히 스마트폰과 가전제품에서의 사용자 인터페이스가 개선되었습니다. 이는 소비자들에게 보다 직관적이고 편리한 사용 경험을 제공하는 데 기여했습니다.

둘째, Viv Labs의 기술을 활용하여 삼성전자는 자사의 DX(Device eXperience) 부문에서의 혁신을 촉진할 수 있었습니다. 예를 들어, 음성 인식 기능이 강화된 스마트 가전제품이 출시되면서 소비자들의 관심을 끌었고, 이는 매출 증가로 이어졌습니다.

셋째, 합병을 통해 삼성전자는 R&D 역량을 더욱 강화할 수 있었으며, 이는 경쟁사인 애플이나 화웨이와의 경쟁에서 우위를 점하는 데 중요한 역할을 했습니다. AI 및 머신러닝 기술의 발전은 삼성전자가 시장에서의 입지를 더욱 확고히 하는 데 기여하고 있습니다.

결론적으로, Samsung Research America, Inc.의 Viv Labs와의 합병은 삼성전자의 기술 혁신과 소비자 경험 향상에 중요한 영향을 미쳤으며, 이는 회사의 전반적인 경영 전략과 시장 경쟁력에 긍정적인 변화를 가져왔습니다.","2021년 중 종속기업인 Samsung Research America, Inc이 종속기업 Viv Labs, Inc.와 합병되었습니다. 이와 관련하여, 해당 합병이 회사의 경영활동에 어떤 영향을 미쳤는지에 대한 구체적인 내용은 제공된 자료에 포함되어 있지 않으며, 주요 종속기업에 대한 상세 내용은 'XII. 상세표'의 '1. 연결대상 종속회사 현황(상세)' 항목을 참고하시기 바랍니다.",26.13,0.3125,0.8456321379616831
Graph Hybrid,Financial Analyst,"경영활동과 관련된 중요한 사항의 발생내용에 대해 설명해 주실 수 있습니까? 특히, 2020년부터 2023년까지의 주요 사건과 그 내용이 어떻게 기업의 재무 안정성과 성장에 영향을 미쳤는지 상세하게 알려주시기 바랍니다.","2020년부터 2023년까지 삼성전자와 삼성바이오로직스㈜의 경영활동과 관련된 주요 사건들은 기업의 재무 안정성과 성장에 중요한 영향을 미쳤습니다.

**2020년**에는 코로나19 팬데믹으로 인해 전 세계적으로 경제가 위축되었고, 이로 인해 삼성전자의 수주 실적이 저조해졌습니다. 특히, 모바일 산업에서 5G 스마트폰 판매량이 2.7억 대에 달했지만, 전반적인 시장 환경은 어려웠습니다. 이러한 상황은 삼성전자의 매출에 부정적인 영향을 미쳤을 것으로 보입니다.

**2021년**에는 삼성전자가 104조 원의 매출을 달성하며 회복세를 보였습니다. 이는 코로나19로 인한 이전의 저조한 실적을 극복하는 데 중요한 이정표가 되었습니다. 또한, 이 해에 삼성전자의 자회사인 삼성바이오로직스㈜가 설립되어 바이오 분야에서의 성장을 도모하게 되었습니다.

**2022년**에는 삼성바이오로직스가 회계처리 수정과 관련된 법적 분쟁에 직면하게 되었습니다. 이로 인해 80억 원의 과징금이 부과되었고, 2015년부터 2022년까지의 재무제표에 영향을 미칠 것으로 예상되었습니다. 이러한 회계처리 수정은 기업의 재무 안정성에 위협이 될 수 있으며, 증권선물위원회와의 소송 진행 상황은 기업 이미지와 시장 신뢰도에 부정적인 영향을 미칠 수 있습니다. 그러나 동시에, Biogen Therapeutics Inc.와의 합작 투자 관계를 통해 글로벌 시장에서의 성장 기회가 존재하며, 이는 삼성바이오로직스의 재무적 안정성과 성장에 긍정적인 영향을 미칠 수 있습니다.

**2023년**에는 삼성전자가 DRAM 시장에서 42.2%의 점유율을 기록하며, TV 시장 수요가 2억 139만 대로 예상되는 등 긍정적인 성과를 보였습니다. 또한, 2023년에는 12나노급 D램과 32Gb DDR5 D램의 양산 및 개발이 완료되어 기술적 우위를 확보하게 되었습니다. 이러한 성장은 삼성전자의 재무 안정성을 더욱 강화하는 요소로 작용할 것입니다.

종합적으로, 2020년부터 2023년까지의 사건들은 삼성전자와 삼성바이오로직스의 재무 안정성과 성장에 복합적인 영향을 미쳤습니다. 코로나19로 인한 초기의 어려움 이후, 매출 회복과 기술 혁신, 글로벌 파트너십을 통해 기업의 성장 가능성을 높이고 있습니다. 그러나 회계처리 수정과 관련된 법적 분쟁은 여전히 기업의 신뢰도에 부정적인 영향을 미칠 수 있는 요소로 남아 있습니다.","2020년에는 '그랑데 AI' 인공지능 기반 세탁기ㆍ건조기 출시, AIㆍ차세대 슈퍼컴퓨터용 초고속 DRAM 출시, 'Galaxy Z 플립' 최초 폴더블폰 공개, 세계 최대 규모 평택 반도체 2라인 가동이 있었습니다. 2021년에는 'Neo QLED TV' 공개, 전세계 반도체 업체 최초 전 사업장 '탄소/물/폐기물 저감' 인증, 업계 최선단 14나노 EUV DDR5 D램 양산, 미국 테일러시의 신규 파운드리 라인 투자 발표가 있었습니다. 2022년에는 BESPOKE 인피니트 라인 공개, 세계 최초 3나노 GAA 파운드리 양산, 차세대 반도체 R&D단지 기공식, 1Tb 8세대 V낸드 양산이 이루어졌습니다. 2023년에는 초고화소 기술이 집약된 2억 화소 이미지센서 '아이소셀 HP2' 출시와 업계 최선단 12나노급 기술이 발표되었습니다. 이러한 주요 사건들은 기업의 기술력 강화와 시장 경쟁력 확보에 기여하며 재무 안정성과 성장에 긍정적인 영향을 미쳤을 것으로 판단됩니다.",35.16,1.0,0.8556012199065003
Graph Hybrid,Tech Investor,2023.03. 15 | 정기주 총 | - |  | 사내이사 한종희 뭐임?,"2023년 3월 15일에 열린 삼성전자의 정기주주총회에서 한종희는 사내이사로 참석하였으며, 이 날 경영위원회 위원으로도 선임되었습니다. 한종희는 삼성전자의 전 대표이사로, 2025년 3월 25일에 대표이사직과 사내이사직을 퇴임할 예정입니다. 

그의 보수는 총 5,240백만원으로, 이 중 근로소득으로 1,617백만원, 상여로 4,353백만원, 기타 근로소득으로 131백만원이 포함되어 있습니다. 한종희의 보수는 임원처우규정에 따라 결정되며, 퇴직소득은 임원퇴직금 지급규정에 따라 산정됩니다. 

또한, 그의 성과인센티브는 ROE(자기자본이익률) 13.2%, 세전 이익률 16.6%, 그리고 주가상승률 △0.9%를 고려하여 산정되었습니다. 이러한 정보들은 한종희가 삼성전자의 경영에 중요한 역할을 하고 있음을 보여줍니다.","2023.03. 15 | 정기주 총은 정기주주총회이며, 그날 사내이사 한종희가 참석한 것으로 나타납니다.",23.71,0.9090909090909091,0.8077709107055774
Graph Hybrid,Financial Analyst,2024년 3월 20일 주주총회에서 감사위원회 위원이 되는 사외이사 선임이 뭐야?,"2024년 3월 20일 주주총회에서 감사위원회 위원으로 선임된 사외이사에 대한 정보는 제공된 중간 그래프 답변에서 확인할 수 없습니다. 현재까지의 데이터에 따르면, 2024년 3월 20일에는 김선욱이 사외이사로 퇴임한 사실만 기록되어 있으며, 감사위원회 위원으로 선임된 사외이사에 대한 구체적인 정보는 없습니다. 따라서, 해당 주주총회에서 감사위원회 위원이 되는 사외이사 선임에 대한 정보는 지식 그래프 내에 부족하여 답변할 수 없습니다.",2024년 3월 20일 주주총회에서 조혜경 사외이사가 감사위원회 위원이 되는 사외이사로 선임됩니다. 이로 인해 2021년 동일한 방식으로 감사위원회 위원이 된 김선욱 사외이사는 2024년 3월 20일에 사임하게 됩니다.,20.83,1.0,0.0
Graph Hybrid,Risk Manager,2021년과 2023년 사이에 발생한 종속기업의 상호 변경과 합병 사례에서 '라. 상호의 변경'이 기업의 잠재적 비즈니스 리스크 또는 규제 문제에 어떤 영향을 미칠 수 있나요?,"2021년과 2023년 사이에 발생한 종속기업의 상호 변경과 합병 사례에서 '라. 상호의 변경'은 기업의 잠재적 비즈니스 리스크 및 규제 문제에 여러 가지 영향을 미칠 수 있습니다.

첫째, 상호 변경은 브랜드 인지도와 고객 신뢰도에 영향을 줄 수 있습니다. 기존 고객들이 새로운 상호에 대해 혼란을 느끼거나, 브랜드의 정체성을 잃게 될 경우, 이는 매출 감소로 이어질 수 있습니다. 따라서 기업은 상호 변경 시 고객과의 소통을 강화하고, 브랜드 재정립을 위한 마케팅 전략을 마련해야 합니다.

둘째, 상호 변경은 법적 및 규제적 측면에서도 중요한 고려사항입니다. 기업의 상호가 변경되면, 관련 법규에 따라 새로운 상호로 등록해야 하며, 이는 추가적인 행정 절차와 비용을 수반할 수 있습니다. 또한, 상호 변경이 기존 계약이나 협약에 미치는 영향도 고려해야 합니다. 예를 들어, 특정 상호를 기반으로 한 계약이 있을 경우, 상호 변경이 계약의 유효성에 영향을 줄 수 있습니다.

셋째, 상호 변경은 기업의 재무정보에 대한 투명성에도 영향을 미칠 수 있습니다. 종속기업의 상호가 변경되면, 해당 기업의 재무정보를 이해하는 데 있어 혼란이 발생할 수 있으며, 이는 투자자나 이해관계자에게 부정적인 신호로 작용할 수 있습니다. 따라서 기업은 상호 변경에 따른 재무정보의 일관성을 유지하기 위한 조치를 취해야 합니다.

마지막으로, 상호 변경은 기업의 전략적 방향성에도 영향을 미칠 수 있습니다. 새로운 상호는 기업의 비전이나 목표를 반영할 수 있으며, 이는 기업의 장기적인 성장 전략에 중요한 요소가 될 수 있습니다. 따라서 상호 변경은 단순한 이름의 변화가 아니라, 기업의 전체적인 전략과 방향성을 재정립하는 기회로 활용될 수 있습니다.

결론적으로, 종속기업의 상호 변경은 비즈니스 리스크와 규제 문제에 다양한 영향을 미칠 수 있으며, 이를 효과적으로 관리하기 위해서는 철저한 계획과 실행이 필요합니다.","2021년에는 종속기업 Samsung Electronics Portuguesa S.A.의 사명이 Samsung Electronics Portuguesa, Unipessoal, Lda.로 변경되었고, 2023년에는 종속기업 Emerald Intermediate, Inc.가 Samsung Display America Holdings, Inc.로 변경되었습니다. 이러한 상호 변경은 기업의 구조와 브랜드 인지도에 영향을 미칠 수 있으며, 관련 규제 또는 법적 문제 발생 가능성을 내포할 수 있습니다. 또한, 종속기업의 사명 변경은 기업의 재무 보고 및 규제 준수에 영향을 미칠 수 있어 잠재적 비즈니스 리스크 또는 규제 문제를 야기할 수 있습니다.",37.8,0.0,0.8635259656512488
Graph Hybrid,Risk Manager,소유주식수 및 지분율이 기업의 의사결정과 지배구조에 어떤 영향을 미치는지 설명해 주실 수 있습니까?,"소유주식수 및 지분율은 기업의 의사결정과 지배구조에 매우 중요한 영향을 미칩니다. 주식은 회사가 발행하는 소유권 증서로, 주주들은 보유한 주식 수에 따라 기업의 의사결정 과정에 참여할 수 있는 권리를 가집니다. 특히, 의결권이 있는 주식의 지분율은 주주가 기업의 주요 결정 사항에 대해 투표할 수 있는 권한을 결정짓는 중요한 요소입니다.

예를 들어, 삼성전자는 삼성생명보험㈜의 최대주주로서 8.60%의 지분율을 보유하고 있습니다. 이 지분율은 기업의 의사결정 과정에 직접적인 영향을 미치며, 주주가치 제고를 위한 전략적 결정, 예를 들어 자사주 매입과 같은 조치에도 기여할 수 있습니다. 높은 지분율을 가진 주주는 기업의 경영 방향에 대한 영향력을 행사할 수 있으며, 이는 기업의 지배구조 안정성에 기여합니다.

또한, 지분율은 종속기업 및 관계기업의 지배구조에도 영향을 미칩니다. 예를 들어, 삼성전자는 여러 자회사에 대한 지분율을 기록하고 있으며, 이들 자회사의 지분율은 기업 전체의 지배구조와 의사결정에 중요한 역할을 합니다. 2024년 12월 31일 기준으로 삼성전자서비스(주)와 삼성글로벌리서치의 지분율이 각각 100%와 19.3%로 기록된 것은 이들 기업의 경영에 대한 삼성전자의 통제력을 나타냅니다.

결론적으로, 소유주식수와 지분율은 기업의 의사결정 과정에서 주주의 권리와 영향력을 결정짓는 핵심 요소이며, 이는 기업의 지배구조와 지속 가능한 경영에 중요한 역할을 합니다. 지배구조의 안정성은 기업의 장기적인 성장과 리스크 관리에 필수적이며, 주주 간의 지분 변동은 이러한 안정성을 강화하는 기회로 작용할 수 있습니다.","소유주식수 및 지분율은 최대주주 및 그 특수관계인의 합산 내역이며, 의결권 있는 주식(기타 법률에 의해 의결권 행사가 제한된 주식도 포함)을 기준으로 합니다. 이는 기업의 지배구조와 의사결정에 중요한 영향을 미치며, 최대주주 관련 자세한 사항은 'VII. 주주에 관한 사항'을 참고하시기 바랍니다.",29.59,1.0,0.866264156264335
Graph Hybrid,Tech Investor,"Samsung Research America, Inc이랑 관련된 정보가 뭐야? 왜 이렇게 헷갈리게 쓰여있지?","삼성 리서치 아메리카(Samsung Research America, Inc.)는 삼성전자의 연구개발 법인으로, 주로 R&D(연구 및 개발) 활동을 100% 수행하고 있습니다. 이 법인은 삼성전자의 미국 법인에 의해 100% 투자받고 있으며, 삼성 NEXT LLC를 포함한 여러 자회사에도 100% 투자하고 있습니다. 이러한 구조는 삼성 리서치 아메리카가 삼성전자의 혁신과 기술 개발에 중요한 역할을 하고 있음을 나타냅니다.

정보가 헷갈리게 느껴지는 이유는 삼성 리서치 아메리카가 여러 자회사와의 관계를 통해 복잡한 투자 구조를 가지고 있기 때문입니다. 예를 들어, 삼성 리서치 아메리카는 삼성 NEXT LLC를 100% 소유하고 있으며, 이는 삼성전자의 전략적 투자와 연구 개발의 일환으로 볼 수 있습니다. 이러한 관계는 삼성전자가 미국 내에서 기술 혁신을 강화하고, 글로벌 시장에서의 경쟁력을 높이기 위한 노력의 일환으로 이해될 수 있습니다.

결론적으로, 삼성 리서치 아메리카는 삼성전자의 연구개발을 담당하는 중요한 법인으로, 여러 자회사와의 관계를 통해 복잡한 투자 구조를 형성하고 있습니다. 이로 인해 정보가 다소 혼란스러울 수 있지만, 이는 삼성전자의 글로벌 전략과 관련된 중요한 요소입니다.","2021년 중 종속기업 Viv Labs, Inc.는 종속기업 Samsung Research America, Inc (SRA)에 합병되었습니다. 따라서, Samsung Research America, Inc는 Viv Labs, Inc와 합병된 종속기업입니다.",24.27,0.6666666666666666,0.8610774424385464
Graph Hybrid,Financial Analyst,삼성전자의 경영활동과 관련된 중요한 사항의 발생내용 중 2020년부터 2023년까지의 주요 사건들이 회사의 재무 안정성과 성장 전략에 어떤 영향을 미쳤는지 상세하게 설명해 주실 수 있습니까?,"삼성전자의 경영활동과 관련된 2020년부터 2023년까지의 주요 사건들은 회사의 재무 안정성과 성장 전략에 긍정적인 영향을 미쳤습니다. 이 시기 동안 삼성전자는 여러 가지 중요한 전략적 결정을 통해 시장에서의 경쟁력을 강화하고, 재무적 안정성을 유지하기 위한 노력을 기울였습니다.

첫째, 2020년에는 코로나19 팬데믹으로 인해 저조한 수주 실적이 발생했지만, 5G 스마트폰 판매량이 2.7억 대에 달하는 등 모바일 산업에서의 성장은 긍정적인 신호로 작용했습니다. 이러한 상황 속에서도 삼성전자는 R&D에 대한 지속적인 투자로 기술 혁신을 추구하며, 반도체 및 소비자 전자제품 부문에서의 성장을 도모했습니다.

둘째, 2021년에는 매출 104조 원을 달성하며 재무적 안정성을 더욱 강화했습니다. 이는 삼성전자가 반도체와 모바일 기기 부문에서의 강력한 성과를 바탕으로 이루어진 결과입니다. 특히, 반도체 부문은 전체 매출의 60% 이상을 차지하며, 회사의 주요 수익원으로 자리 잡았습니다.

셋째, 2022년에는 디지털 콕핏 시장에서 17.9%의 점유율을 기록하고, DRAM 시장에서 43.1%의 점유율을 달성하는 등 시장에서의 입지를 더욱 확고히 했습니다. 이러한 성과는 삼성전자가 기술력과 시장 수요를 잘 반영한 결과로, 향후 성장 가능성을 높이는 데 기여했습니다.

넷째, 2023년에는 TV 시장 수요가 2억 139만 대로 예상되며, 스마트폰 시장에서도 11.5억 대의 수요가 예상되는 등 소비자 전자제품 부문에서의 성장이 지속되고 있습니다. 또한, 삼성전자는 AI 및 Foundry 부문에 대한 지속적인 투자와 인재 확보를 통해 차세대 반도체 및 AI 기술 개발에 집중하고 있으며, 2024년에는 새로운 AI 기반 제품을 출시할 계획입니다.

마지막으로, 삼성전자는 SoundHound Inc.와 싸이버뱅크, 말타니 등 다양한 기업에 대한 전략적 투자를 통해 포트폴리오를 다각화하고 있습니다. 이러한 투자는 인공지능 및 반도체 관련 기업에 대한 관심을 반영하며, 향후 성장 가능성을 높이는 전략으로 작용할 것입니다.

결론적으로, 2020년부터 2023년까지의 주요 사건들은 삼성전자의 재무 안정성과 성장 전략에 긍정적인 영향을 미쳤으며, 회사는 기술 혁신과 시장 다각화를 통해 향후에도 지속적인 성장을 도모할 것으로 예상됩니다. 그러나 글로벌 반도체 시장의 경쟁 심화와 공급망 불안정성은 여전히 리스크로 작용할 수 있으며, 이를 극복하기 위한 전략적 접근이 필요합니다.","2020년에는 '그랑데 AI' 인공지능 기반 세탁기ㆍ건조기 출시, AIㆍ차세대 슈퍼컴퓨터용 초고속 DRAM 출시, 'Galaxy Z 플립' 최초 폴더블폰 공개, 세계 최대 규모 평택 반도체 2라인 가동이 있었으며, 이러한 사건들은 회사의 기술력 강화와 시장 경쟁력 향상에 기여하였습니다. 2021년에는 'Neo QLED TV' 공개, 전세계 반도체 업체 최초 전 사업장 '탄소/물/폐기물 저감' 인증, 업계 최선단 14나노 EUV DDR5 D램 양산, 미국 테일러시 투자 발표 등으로 재무 안정성과 글로벌 시장 확대를 도모하였고, 2022년에는 BESPOKE 인피니트 라인 공개, 세계 최초 3나노 GAA 파운드리 양산, 차세대 반도체 R&D단지 기공식, 1Tb 8세대 V낸드 양산이 이루어졌으며, 2023년에는 초고화소 기술 집약된 2억 화소 이미지센서 '아이소셀 HP2' 출시와 업계 최선단 12나노급 기술 개발이 진행되어 회사의 기술력과 시장 지위가 지속적으로 강화되고 있음을 보여줍니다.",40.8,1.0,0.0
Graph Hybrid,Financial Analyst,2022.11. 03 임시주총 사외이사 허은녕 유명희 뭐야?,"2022년 11월 3일 임시주주총회에서 허은녕과 유명희는 삼성전자의 신규 사외이사로 선임되었습니다. 두 인물 모두 이사회 구성원으로 활동하며, 각각의 역할과 책임을 가지고 있습니다.

허은녕은 사외이사로서 이사회에서 중요한 결정을 내리는 데 참여하고 있으며, 내부거래위원회와 보상위원회 등 여러 위원회에서도 활동하고 있습니다. 그는 2024년 4월 26일에는 내부거래위원회 위원장으로 선임되었고, 2025년 4월 28일에는 감사위원회 위원장으로도 선임될 예정입니다.

유명희 또한 사외이사로서 이사회에 포함되어 있으며, 감사위원회와 지속가능경영위원회에서도 활동하고 있습니다. 그녀는 미국 변호사 자격을 보유하고 있으며, 2024년 3월 20일 정기주주총회에서 감사위원회 위원으로 선임되었습니다.

이 두 사외이사는 삼성전자의 경영 및 의사결정 과정에서 중요한 역할을 수행하고 있으며, 각각의 전문성과 경험을 바탕으로 회사의 지속 가능한 성장에 기여하고 있습니다.",2022.11. 03에 열린 임시주주총회에서 사외이사로 허은녕과 유명희가 참석했습니다.,24.29,0.4166666666666667,0.7882730240940048
Graph Hybrid,Financial Analyst,2024년 3월 20일 김선욱 사외이사 퇴임이 뭐야?,"2024년 3월 20일, 김선욱 사외이사는 삼성전자의 제 55기 정기주주총회에서 사외이사로서의 임기가 만료되어 퇴임하였습니다. 이 날 주주총회에서는 김선욱 외에도 김종훈 사외이사가 임기 만료로 퇴임하였으며, 조혜경이 감사위원회 위원으로 새롭게 선임되었습니다. 김선욱은 퇴임 전까지 지속가능경영위원회에 100% 출석하며 활동하였고, 사외이사로서 주주가치 제고와 이사회 의사결정에 기여하는 역할을 수행하였습니다.","2024년 3월 20일 김선욱 사외이사는 2021년 동일한 방식으로 감사위원회 위원이 되는 사외이사로 선임된 후, 사임하여 퇴임하게 되었습니다.",18.0,0.4,0.7979396778723502
Graph Hybrid,Tech Investor,"최대주주 및 그 특수관계인의 소유주식수와 지분율이 어떻게 산정되며, 이와 관련된 중요한 경영활동은 무엇입니까?","최대주주 및 그 특수관계인의 소유주식수와 지분율은 회사의 지배구조를 이해하는 데 중요한 요소입니다. 최대주주는 회사의 주식을 가장 많이 보유한 주주로, 이들의 주식 소유 현황은 금융회사의 지배구조에 관한 법률 시행령에 따라 규정됩니다. 예를 들어, 삼성전자의 경우, 최대주주 및 특수관계인의 주식 소유 현황은 2025년 9월 30일 기준으로 기록되며, 이 시점에서의 지분율은 회사의 경영활동에 중요한 영향을 미칠 수 있습니다.

특수관계인은 최대주주와의 관계를 나타내며, 삼성전자에서는 전영현, 노태문, 송재혁 등이 이에 해당합니다. 이들의 주식 소유 현황은 최대주주와 함께 지배구조의 투명성을 높이는 데 기여합니다.

지분율은 기업의 소유 비율을 나타내는 지표로, 보통주 기준으로 산정됩니다. 예를 들어, 삼성전자는 2025년 6월 30일 기준으로 삼성생명보험㈜의 지분율이 8.60%에 달하며, 이는 삼성전자의 지배구조 강화와 관련이 있습니다. 또한, 삼성전자는 자사주 매입을 통해 주주 가치를 제고하고 있으며, 이러한 경영활동은 주주와의 관계를 강화하는 데 기여합니다.

결론적으로, 최대주주 및 특수관계인의 소유주식수와 지분율은 회사의 지배구조와 경영활동에 중요한 영향을 미치며, 이를 통해 주주 가치를 증대시키려는 다양한 노력이 이루어지고 있습니다.","소유주식수 및 지분율은 최대주주 및 그 특수관계인의 합산 내역이며, 의결권 있는 주식(기타 법률에 의해 의결권 행사가 제한된 주식도 포함)을 기준으로 합니다. 또한, 2021년과 2023년의 종속기업 사명 변경과 합병 등 중요한 경영활동이 발생하였으며, 이는 'VII. 주주에 관한 사항'과 'XII. 상세표'의 관련 항목을 참고하시기 바랍니다.",33.98,1.0,0.8381937836424531
Graph Hybrid,Tech Investor,Samsung Electronics Portuguesa S.A.의 최근 변경 사항은 무엇인가요?,"삼성전자 포르투갈(Samsung Electronics Portuguesa S.A.)의 최근 변경 사항에 대한 구체적인 정보는 지식 그래프 내에 부족하여 답변할 수 없습니다. 다만, 삼성전자는 2021년 중에 사명을 변경한 삼성전자 포르투갈 법인을 포함하여 다양한 해외 자회사에서 전자제품 판매 수익을 기록하고 있다는 점은 확인할 수 있습니다. 추가적인 세부 사항이나 최근의 변화에 대한 정보는 제공되지 않았습니다.","2021년 중에는 종속기업 Samsung Electronics Portuguesa S.A. (SEP) 사명이 Samsung Electronics Portuguesa, Unipessoal, Lda.로 변경되었으며, 2023년 중에는 종속기업 Emerald Intermediate, Inc. 사명이 Samsung Display America Holdings, Inc. (SDAH)로 변경되었습니다.",24.42,1.0,0.0
Graph Hybrid,Risk Manager,"2021년과 2023년의 합병 사례는 무엇이며, 각각 어떤 기업들이 관련되어 있나요?","제공된 정보에는 2021년과 2023년의 합병 사례에 대한 구체적인 내용이 포함되어 있지 않습니다. 따라서, 해당 연도에 발생한 합병 사례와 관련된 기업들에 대한 정보를 제공할 수 없습니다. 지식 그래프 내에 관련 정보가 부족하여 답변할 수 없습니다.","2021년에는 종속기업인 Viv Labs, Inc.가 Samsung Research America, Inc.에 합병되었으며, Prismview, LLC는 Samsung Electronics America, Inc.에 합병되었습니다. 2023년에는 Samsung Display America Holdings, Inc.가 eMagin Corporation의 지분을 인수하였습니다.",17.5,1.0,0.0
Graph Hybrid,Risk Manager,경영활동과 관려된 중대한 사안들 뭐임?,"삼성전자의 경영활동과 관련된 중대한 사안들은 다음과 같이 요약될 수 있습니다:

1. **재무 목표 및 성과**: 삼성전자는 2024년 1분기에 70조 원의 매출 목표를 설정하고 있으며, 2023년 3분기 동안 1,730,993억 원의 매출을 기록하여 안정적인 성장을 이어가고 있습니다. 또한, 2024년 반기순이익이 16,263,683백만원에 달할 것으로 예상되고 있습니다.

2. **R&D 투자**: 2024년에는 27조 원의 연구개발(R&D) 투자를 계획하고 있으며, 2025년 반기 연구개발비용이 18조 641억원으로 예상됩니다. 이는 기술 혁신과 제품 개발에 대한 강한 의지를 나타냅니다.

3. **글로벌 사업 확장**: 삼성전자는 230개의 연결대상 종속기업을 보유할 계획이며, 동남아시아, CIS, 미주 지역에서의 사업 확장을 통해 글로벌 시장에서의 경쟁력을 강화하고 있습니다. 특히, 삼성전자 이집트 S.A.E는 1,110,704백만 원의 매출을 올렸습니다.

4. **신기술 및 제품 개발**: 삼성전자는 AI 및 소프트웨어 기술을 접목한 레인보우로보틱스의 지분 20.3%를 인수하여 기술적 경쟁력을 강화하고 있으며, 2024년에는 새로운 AI 기반 제품을 출시할 계획입니다. 또한, GDDR7 D램과 같은 혁신적인 메모리 제품 개발에 집중하고 있습니다.

5. **ESG 및 지속 가능한 경영**: 삼성전자는 ESG 관련 법규 준수와 환경 인증을 통해 지속 가능한 경영을 강화하고 있으며, 이는 현대 경영에서 중요한 요소로 작용하고 있습니다.

6. **주주 가치 제고**: 2024년 3월 20일 제55기 정기주주총회를 통해 주주가치 제고를 위한 다양한 방안을 논의하고, 연간 9.8조원의 정규 배당을 실시할 예정입니다.

7. **경쟁 및 리스크 관리**: 글로벌 시장에서의 경쟁이 치열해짐에 따라, 삼성전자는 판매 확대와 R&D 투자 강화를 통해 기회를 모색하고 있으며, 정치적 및 경제적 불확실성, 환율 변동, 그리고 경쟁사의 기술 발전과 같은 리스크 요소를 관리하고 있습니다.

이러한 요소들은 삼성전자의 경영 전략과 재무 상태에 중요한 영향을 미치며, 향후 성장 가능성을 높이는 기초가 될 것입니다.","경영활동과 관련된 중요한 사항의 발생내용에는 2020년 '그랑데 AI' 인공지능 기반 세탁기ㆍ건조기 출시, AIㆍ차세대 슈퍼컴퓨터용 초고속 DRAM 출시, 'Galaxy Z 플립' 최초 폴더블폰 공개, 세계 최대 규모 평택 반도체 2라인 가동이 포함됩니다. 2021년에는 'Neo QLED TV' 공개, 전세계 반도체 업체 최초 전 사업장 '탄소/물/폐기물 저감' 인증, 업계 최선단 14나노 EUV DDR5 D램 양산, 미국 테일러시 신규 파운드리 라인 투자 발표가 있었습니다. 2022년에는 BESPOKE 인피니트 라인 공개, 세계 최초 3나노 GAA 파운드리 양산, 차세대 반도체 R&D단지 기공식, 1Tb 8세대 V낸드 양산이 이루어졌으며, 2023년에는 초고화소 기술 집약된 2억 화소 이미지센서 '아이소셀 HP2' 출시와 업계 최선단 12나노급이 포함됩니다.",48.19,0.9523809523809523,0.8020397376208184
Graph Hybrid,Financial Analyst,2024.03.20 정기주총에서 신제윤 사외이사(감사위원회 위원)가 어떤 역할을 맡았나요?,"2024년 3월 20일 정기주주총회에서 신제윤은 삼성전자의 사외이사로 선임되었으며, 동시에 감사위원회 위원으로도 선임되었습니다. 이로써 그는 이사회와 감사위원회에서 중요한 역할을 맡게 되었으며, 감사위원회는 회사의 재무 보고 및 내부 통제 시스템을 감독하는 기능을 수행합니다. 신제윤은 또한 사외이사 후보추천위원회와 보상위원회에도 소속되어 있어, 회사의 이사 선임 및 보상 관련 결정에도 관여하게 됩니다. 이러한 역할들은 그가 삼성전자의 경영 투명성과 책임성을 높이는 데 기여할 것으로 기대됩니다.",2024.03.20 정기주총에서 신제윤 사외이사는 감사위원회 위원으로 선임되었습니다.,22.27,0.42857142857142855,0.8408823570785221
Graph Hybrid,Tech Investor,2024년 3월 20일 주주총회에서 감사위원회 위원이 되는 사외이사 선임이 뭐야?,"2024년 3월 20일 주주총회에서 감사위원회 위원으로 선임된 사외이사에 대한 정보는 제공된 중간 그래프 답변에서 확인할 수 없습니다. 현재까지의 정보에 따르면, 2024년 3월 20일에는 김선욱이 사외이사로 퇴임한 사실만 기록되어 있으며, 감사위원회 위원으로 선임된 사외이사에 대한 구체적인 내용은 없습니다. 따라서, 해당 주주총회에서 감사위원회 위원이 되는 사외이사 선임에 대한 정보는 지식 그래프 내에 부족하여 답변할 수 없습니다.",2024년 3월 20일 주주총회에서 조혜경 사외이사가 감사위원회 위원이 되는 사외이사로 선임됩니다. 이로 인해 2021년 동일한 방식으로 감사위원회 위원이 된 김선욱 사외이사는 2024년 3월 20일에 사임하게 됩니다.,21.63,1.0,0.0
Graph Hybrid,Financial Analyst,라. 상호의 변경이 재무 안정성에 영향 있나요?,"상호의 변경이 재무 안정성에 미치는 영향은 여러 요인에 따라 달라질 수 있습니다. 일반적으로 상호 변경은 기업의 브랜드 이미지, 시장 인식, 그리고 고객 신뢰도에 영향을 미칠 수 있으며, 이는 궁극적으로 재무 성과에 영향을 줄 수 있습니다. 

특히, 상호 변경이 이루어질 경우, 기업의 재무 상태와 관련된 정보가 주주와 밀접하게 연결되어 있다는 점에서, 주주들의 반응이나 시장의 반응이 재무 안정성에 중요한 역할을 할 수 있습니다. 예를 들어, 상호 변경이 긍정적으로 받아들여지면 기업의 주가가 상승할 수 있지만, 부정적인 반응이 있을 경우 주가 하락으로 이어질 수 있습니다.

또한, 이사들은 재무 분야에 대한 이해가 필요하므로, 상호 변경이 이루어질 때 이사회의 전략적 결정이 재무 안정성에 미치는 영향도 고려해야 합니다. 따라서 상호 변경이 재무 안정성에 미치는 영향은 단순히 상호의 변화에 그치지 않고, 기업의 전반적인 전략과 시장 반응에 따라 달라질 수 있습니다.

결론적으로, 상호의 변경이 재무 안정성에 미치는 영향은 복합적이며, 구체적인 상황에 따라 다르게 나타날 수 있습니다.","2021년에는 종속기업 Samsung Electronics Portuguesa S.A.의 사명이 Samsung Electronics Portuguesa, Unipessoal, Lda.로 변경되었고, 2023년에는 Emerald Intermediate, Inc.의 사명이 Samsung Display America Holdings, Inc.로 변경되었습니다. 이와 같은 상호 변경은 회사의 재무 안정성에 대한 직접적인 언급이 없으므로, 제공된 자료에서는 영향을 판단할 수 없습니다.",26.79,0.0625,0.0
Graph Hybrid,Risk Manager,종속기업인 Samsung Electronics Portuguesa S.A.의 사명 변경이 회사의 지배구조와 잠재적 비즈니스 리스크에 어떤 영향을 미칠 수 있는지 구체적으로 설명해 주시겠습니까?,"Samsung Electronics Portuguesa S.A.의 사명 변경은 회사의 지배구조와 잠재적 비즈니스 리스크에 여러 가지 영향을 미칠 수 있습니다. 

우선, 사명 변경은 기업의 정체성과 브랜드 이미지에 직접적인 영향을 미칩니다. 삼성전자의 종속기업으로서 사명이 변경됨에 따라, 회사는 삼성 브랜드의 신뢰성과 인지도를 활용할 수 있는 기회를 가지게 됩니다. 이는 고객과의 관계를 강화하고, 시장에서의 경쟁력을 높이는 데 긍정적인 영향을 미칠 수 있습니다. 그러나 동시에, 새로운 사명에 대한 소비자와 이해관계자들의 인식이 부정적일 경우, 브랜드 가치에 손상을 줄 수 있는 리스크도 존재합니다.

지배구조 측면에서, 삼성전자의 지속가능경영위원회와의 관계가 더욱 강화될 가능성이 있습니다. 지배구조는 지속가능경영의 주요 영역 중 하나로, 사명 변경이 이러한 지배구조의 투명성과 책임성을 높이는 계기가 될 수 있습니다. 이는 기업의 의사결정 과정에서 지속가능성을 고려하는 데 긍정적인 영향을 미칠 수 있습니다.

그러나 사명 변경은 또한 비즈니스 리스크를 초래할 수 있습니다. 예를 들어, 리스와 같은 재무적 요소가 기업회계기준서 제1116호의 개정에 따라 영향을 받을 수 있으며, 이는 기업의 재무 상태와 손익에 직접적인 영향을 미칠 수 있습니다. 리스 기간 산정 시 연장선택권과 종료선택권을 고려해야 하므로, 이러한 요소들이 기업의 재무적 안정성에 미치는 영향을 면밀히 분석해야 합니다.

결론적으로, Samsung Electronics Portuguesa S.A.의 사명 변경은 브랜드 이미지와 지배구조에 긍정적인 영향을 미칠 수 있지만, 동시에 재무적 리스크와 같은 잠재적 비즈니스 리스크를 동반할 수 있습니다. 따라서 이러한 변화에 대한 철저한 분석과 전략적 접근이 필요합니다.","2021년 중에 종속기업 Samsung Electronics Portuguesa S.A.의 사명이 Samsung Electronics Portuguesa, Unipessoal, Lda.로 변경되었으며, 이는 회사의 지배구조와 관련된 잠재적 비즈니스 리스크에 영향을 미칠 수 있습니다. 이러한 사명 변경은 회사의 운영 및 법적 지위에 변화를 가져올 수 있으며, 규제 문제나 공급망 문제와 연관된 리스크 평가 시 고려해야 할 중요한 사항입니다. 또한, 2023년에는 Emerald Intermediate, Inc.의 사명이 Samsung Display America Holdings, Inc.로 변경되어, 회사의 글로벌 운영 및 관련 리스크에 영향을 미칠 수 있음을 시사합니다. 따라서 이러한 사명 변경은 회사의 전반적인 비즈니스 리스크와 규제 준수 여부를 평가하는 데 중요한 요소로 작용할 수 있습니다.",35.48,1.0,0.0
Graph Hybrid,Financial Analyst,"Samsung Research America, Inc 맞아?","삼성 리서치 아메리카(Samsung Research America)는 삼성전자의 연구개발 법인으로, R&D를 100% 수행하고 있습니다. 이 법인은 삼성전자 미국 법인에 의해 100% 투자받고 있으며, 삼성 NEXT LLC를 포함한 여러 자회사에도 100% 투자하고 있습니다. 따라서, 질문하신 ""Samsung Research America, Inc""는 삼성 리서치 아메리카를 지칭하는 것으로 보이며, 이는 정확한 명칭입니다. 

결론적으로, 삼성 리서치 아메리카는 삼성전자의 연구개발을 담당하는 중요한 법인으로, 여러 투자 관계를 통해 삼성의 기술 혁신에 기여하고 있습니다.","2021년 중 종속기업 Viv Labs, Inc.는 종속기업 Samsung Research America, Inc (SRA)에 합병되었습니다.",22.27,1.0,0.8813187023400693
Graph Hybrid,Tech Investor,‘그랑데 AI’ 인공지능 기반 세탁기ㆍ건조기 출시가 삼성전자의 성장에 어떤 영향을 미칠까요?,"‘그랑데 AI’ 인공지능 기반 세탁기ㆍ건조기의 출시는 삼성전자의 성장에 여러 긍정적인 영향을 미칠 것으로 예상됩니다. 이 제품은 2024년 12월에 출시될 예정이며, AI Energy Mode와 같은 혁신적인 기술을 적용하여 에너지 절감 효과를 극대화하고, 고효율 제품 라인업을 강화하는 데 기여할 것입니다. 이러한 기술적 진보는 소비자들에게 매력적인 선택지를 제공하여, 특히 북미 시장에서의 16% 고성장 목표 달성에 도움이 될 수 있습니다.

또한, 삼성전자는 AI 및 Foundry 부문에 대한 지속적인 투자와 인재 확보를 통해 매출 목표를 설정하고 있으며, AI센터가 차세대 AI 기술 개발에 집중하고 있습니다. 이는 ‘그랑데 AI’ 제품의 출시에 직접적으로 연결되어, 소비자에게 더 나은 경험을 제공하고 D2C(Direct to Consumer) 전략을 통해 직접 소비자 판매를 강화하는 데 기여할 것입니다.

생활가전 부문에서의 제품 혁신을 강화하는 전략의 일환으로, ‘그랑데 AI’의 출시는 삼성전자가 소비자 트렌드 변화에 대응하고 글로벌 시장에서의 경쟁력을 높이는 데 중요한 역할을 할 것으로 보입니다. 양준 철 부사장이 이끄는 구매팀과 양혜 순 부사장이 담당하는 MDE전략팀은 이러한 혁신적인 제품 개발과 마케팅 전략을 통해 시장 점유율을 확대할 기회를 모색하고 있습니다.

그러나 삼성전자는 글로벌 반도체 시장의 경쟁 심화와 공급망 불안정성 같은 리스크도 직면하고 있습니다. 이러한 요소들이 삼성전자의 성장에 미치는 영향을 종합적으로 고려해야 할 필요가 있습니다. 따라서 ‘그랑데 AI’의 출시는 삼성전자의 성장에 긍정적인 영향을 미칠 가능성이 크지만, 외부 환경의 변화에 대한 면밀한 분석과 대응이 필요합니다.","경영활동과 관련된 중요한 사항의 발생 내용에 따르면, 2020년에 ‘그랑데 AI’ 인공지능 기반 세탁기ㆍ건조기 출시가 있었으며, 이는 삼성전자의 제품 혁신과 시장 경쟁력 강화를 위한 중요한 전략적 행보임을 알 수 있습니다.",38.19,1.0,0.0
Graph Hybrid,Financial Analyst,2024.03. 20 | 정기주 총 | 사외이사 신제윤 (감사위원회 위원이 되에 대한 내용이 뭐야?,"2024년 3월 20일에 열린 삼성전자의 정기주주총회에서 신제윤이 사외이사로 선임되었습니다. 이 회의에서 그는 감사위원회 위원으로도 선임되었으며, 이는 그의 역할이 회사의 재무 및 운영에 대한 감시와 감독을 포함한다는 것을 의미합니다. 신제윤은 이사회와 감사위원회에서 중요한 역할을 맡게 되며, 이러한 선임은 회사의 투명성과 책임성을 높이는 데 기여할 것으로 기대됩니다. 

또한, 신제윤은 정기주주총회에서 감사위원회 위원으로 선임된 것 외에도, 사외이사 후보추천위원회에 의해 후보로 추천되었고, 보상위원회에도 소속되어 있습니다. 이러한 다양한 역할은 그가 삼성전자의 경영 및 감사 체계에 중요한 기여를 할 수 있는 기반을 마련해 줍니다.",2024.03. 20에 예정된 정기주총에서 사외이사 신제윤이 감사위원회 위원이 되는 내용이 포함되어 있습니다.,26.6,0.75,0.7827853335852457
Graph Hybrid,Financial Analyst,2024년 3월 20일 주주총회에서 감사위원회 위원이 되는 사외이사 선임이 뭐야?,"2024년 3월 20일 주주총회에서 감사위원회 위원으로 선임된 사외이사는 신제윤입니다. 신제윤은 감사위원회에서 내부회계관리제도를 평가하는 역할을 맡게 됩니다. 이 외에도, 감사위원회는 사외이사로 구성되어 있으며, 이혁재, 김한조 등 다른 사외이사들도 포함되어 있습니다. 주주총회는 이러한 선임을 통해 회사의 투명성과 책임성을 높이는 데 기여하고 있습니다.",2024년 3월 20일 주주총회에서 조혜경 사외이사가 감사위원회 위원이 되는 사외이사로 선임됩니다. 이로 인해 2021년 동일한 방식으로 감사위원회 위원이 된 김선욱 사외이사는 2024년 3월 20일에 사임하게 됩니다.,27.34,0.4,0.8576712405485599
Graph Hybrid,Financial Analyst,"2021년과 2023년 중에 이루어진 삼성전자의 상호 변경 사례는 무엇이며, 각각 어떤 기업의 이름이 변경되었나요?",지식 그래프 내에 관련 정보가 부족하여 답변할 수 없습니다. 삼성전자의 상호 변경 사례에 대한 구체적인 내용은 제공된 데이터에 포함되어 있지 않습니다. 추가적인 정보가 필요하다면 다른 출처를 참고하시기 바랍니다.,"2021년에는 종속기업인 Samsung Electronics Portuguesa S.A.가 Samsung Electronics Portuguesa, Unipessoal, Lda.로 변경되었고, 2023년에는 종속기업인 Emerald Intermediate, Inc.가 Samsung Display America Holdings, Inc.로 변경되었습니다.",16.59,0.75,0.0
Graph Hybrid,Financial Analyst,종속기업 Samsung Electronics Portuguesa S.A.의 이름이 2021년에 변경된 이유는 무엇인가요?,"Samsung Electronics Portuguesa S.A.의 이름이 2021년에 변경된 이유는 삼성전자의 전략적 결정에 따른 것입니다. 2021년 중에 이 회사는 삼성전자의 종속기업으로 사명이 변경되었으며, 이는 삼성전자의 브랜드 통합 및 글로벌 전략의 일환으로 해석될 수 있습니다. 이러한 변화는 회사의 정체성을 강화하고, 삼성전자의 글로벌 네트워크 내에서의 일관성을 높이기 위한 목적이 있었던 것으로 보입니다. 

따라서, 이름 변경은 단순한 명칭의 변화가 아니라, 삼성전자의 브랜드와 비즈니스 전략을 반영하는 중요한 결정으로 이해할 수 있습니다.","2021년 중에는 종속기업 Samsung Electronics Portuguesa S.A. (SEP) 사명이 Samsung Electronics Portuguesa, Unipessoal, Lda. (SEP)로 변경되었습니다.",21.67,0.0,0.9076018539774369
Graph Hybrid,Tech Investor,"종속기업 Viv Labs, Inc.이 뭐야?","Viv Labs, Inc.는 삼성전자의 종속기업으로, 2021년에 삼성전자의 일부로 합병되었습니다. 이 회사는 인공지능 및 음성 인식 기술을 개발하는 데 주력하고 있으며, 삼성의 다양한 제품과 서비스에 이러한 기술을 통합하는 역할을 하고 있습니다. 또한, Viv Labs는 삼성 리서치 아메리카에 합병되었으며, 이는 삼성의 글로벌 연구 및 개발 네트워크의 일환으로, 혁신적인 기술 개발을 지속적으로 추진하고 있습니다. 

따라서 Viv Labs, Inc.는 삼성전자의 기술 생태계 내에서 중요한 역할을 수행하고 있으며, 인공지능 분야에서의 경쟁력을 강화하는 데 기여하고 있습니다.","2021년 중 종속기업 Viv Labs, Inc.는 종속기업 Samsung Research America, Inc (SRA)에 합병되었습니다.",23.6,0.3333333333333333,0.8429938031553115
Graph Hybrid,Risk Manager,그랑데 AI 인공지능 세탁기 출시 위험 뭐야?,"그랑데 AI 인공지능 세탁기의 출시와 관련된 위험 요소는 여러 가지가 있습니다. 첫째, 북미 지역의 냉매 규제에 대응하기 위한 신모델 개발이 필요하다는 점입니다. 삼성전자는 이러한 규제에 적절히 대응하기 위해 새로운 모델을 개발하고 있으며, 이는 시장 변화에 따른 기회를 활용하는 과정에서 발생할 수 있는 리스크로 볼 수 있습니다.

둘째, AI 기반 에너지 절감 기술이 적용된 제품인 만큼, 기술적 문제나 소비자 반응에 대한 불확실성도 중요한 위험 요소로 작용할 수 있습니다. 소비자들이 새로운 기술에 대해 어떻게 반응할지, 그리고 실제로 에너지 절감 효과가 얼마나 나타날지는 시장에서의 성공 여부에 큰 영향을 미칠 수 있습니다.

결론적으로, 그랑데 AI 세탁기의 출시에는 규제 대응과 기술적 불확실성이라는 두 가지 주요 위험 요소가 존재하며, 이는 삼성전자가 신제품을 시장에 성공적으로 안착시키기 위해 해결해야 할 과제입니다.","경영활동과 관련된 중요한 사항의 발생 내용에 따르면, '그랑데 AI' 인공지능 기반 세탁기ㆍ건조기 출시는 2020년에 발생한 중요한 사항입니다.",22.24,1.0,0.0
Graph Hybrid,Financial Analyst,2024.03. 20 정기주총에서 신제윤 사외이사(감사위원회 위원)가 어떤 역할을 맡았나요?,"2024년 3월 20일 정기주주총회에서 신제윤 사외이사는 감사위원회 위원으로 선임되었습니다. 이 회의에서 그는 삼성전자의 감사위원회에 포함되어 회사의 재무 및 운영에 대한 감시 역할을 수행하게 됩니다. 또한, 신제윤은 사외이사 후보추천위원회에 의해 후보로 추천되었으며, 이사회에서도 그의 사외이사로의 선임이 기록되었습니다. 이러한 역할을 통해 그는 삼성전자의 경영 투명성과 책임성을 높이는 데 기여할 것으로 기대됩니다.",2024.03. 20 정기주총에서 신제윤 사외이사는 감사위원회 위원이 되었습니다.,23.56,0.6,0.8065706999450936
Graph Hybrid,Financial Analyst,2024년 3월 20일 김선욱 사외이사 퇴임이 뭐야?,"2024년 3월 20일, 김선욱 사외이사는 삼성전자의 정기주주총회에서 사외이사로서의 임기가 만료되어 퇴임하였습니다. 이 날 주주총회에서는 전자투표제가 실시되었으며, 김선욱 외에도 김종훈 사외이사가 임기 만료로 퇴임하였습니다. 김선욱은 퇴임 전 지속가능경영위원회에 100% 출석하며 활동하였고, 사외이사로서 주주가치 제고와 이사회 의사결정에 기여하는 역할을 수행하였습니다.",2024년 3월 20일 김선욱 사외이사는 사외이사로 선임된 후 2024년 3월 20일 사임하여 퇴임하게 되었습니다.,21.34,1.0,0.8067291687592731
Graph Hybrid,Tech Investor,이 소유주식수 및 지분율이 최대주주와 특수관계인들의 합산 내역이라는 게 투자자로서 어떤 의미가 있어요?,"최대주주와 특수관계인들의 소유주식수 및 지분율 합산 내역은 투자자에게 여러 가지 중요한 의미를 지닙니다. 우선, 이러한 정보는 기업의 지배구조에 대한 투명성을 높이는 데 기여합니다. 최대주주가 누구인지, 그리고 그와 특수관계인들이 얼마나 많은 주식을 보유하고 있는지를 알면, 투자자들은 해당 기업의 의사결정 과정과 경영 안정성을 보다 잘 이해할 수 있습니다.

예를 들어, 삼성전자가 삼성생명보험㈜의 최대주주로서 지분율을 8.60%까지 높인 것은 기업의 지배구조를 강화하고 있다는 신호로 해석될 수 있습니다. 이는 투자자들에게 해당 기업이 안정적인 경영을 추구하고 있으며, 장기적인 투자 가치가 높아질 가능성이 있다는 긍정적인 신호로 작용할 수 있습니다. 

또한, 최대주주와 특수관계인들의 합산 주식 소유 현황은 주주 가치를 제고하는 데도 기여할 수 있습니다. 주주들이 기업의 경영에 대한 영향력을 행사할 수 있는 정도가 높아지면, 기업의 전략적 결정이 주주들의 이익을 반영할 가능성이 커지기 때문입니다.

그러나 이러한 긍정적인 요소 외에도 외부 시장 변화, 예를 들어 자동차 수요 감소와 같은 리스크를 고려해야 합니다. 이러한 리스크는 기업의 성과에 부정적인 영향을 미칠 수 있으며, 따라서 투자자들은 최대주주와 특수관계인들의 지분율 외에도 시장 환경을 종합적으로 분석해야 합니다. 

결론적으로, 최대주주와 특수관계인들의 소유주식수 및 지분율 합산 내역은 기업의 지배구조와 경영 안정성을 평가하는 중요한 지표로 작용하며, 이는 투자자들에게 장기적인 투자 결정을 내리는 데 있어 중요한 정보를 제공합니다.","이 소유주식수 및 지분율은 최대주주 및 그 특수관계인의 합산 내역이며, 의결권 있는 주식(기타 법률에 의해 의결권 행사가 제한된 주식도 포함) 기준입니다. 이는 최대주주와 그 특수관계인들이 회사의 의결권 행사에 미치는 영향을 파악하는 데 중요한 정보를 제공합니다.",53.14,1.0,0.864680910054979
Graph Hybrid,Risk Manager,최대주주 관련 사항이 뭐야?,"최대주주란 회사의 주식을 가장 많이 보유한 주주를 의미하며, 이는 회사의 지배구조에 중요한 역할을 합니다. 특히 금융회사의 경우, 최대주주와의 관계는 '금융회사의 지배구조에 관한 법률 시행령' 제3조 제1항에 명시된 내용을 따릅니다. 

현재 삼성전자의 최대주주와 그 특수관계인의 주식 소유 현황은 2025년 9월 30일 기준으로 기록되어 있으며, 삼성생명보험㈜의 최대주주 변동을 통해 삼성전자는 지배구조를 강화하고 있습니다. 삼성생명보험의 지분율은 2025년 6월 30일 기준으로 8.60%에 달하는 것으로 나타났습니다. 이러한 최대주주 변동은 삼성전자의 지배구조 안정성을 높이는 기회로 작용할 수 있습니다.

결론적으로, 최대주주는 회사의 지배구조에 중대한 영향을 미치며, 삼성전자는 이를 통해 지배구조를 강화하고 있습니다.","최대주주 관련 자세한 사항은 'VII. 주주에 관한 사항'을 참고하시기 바랍니다. 소유주식수 및 지분율은 최대주주 및 그 특수관계인의 합산 내역이며, 의결권 있는 주식(기타 법률에 의해 의결권 행사가 제한된 주식도 포함) 기준입니다.",25.34,1.0,0.8188055120603912
Graph Hybrid,Financial Analyst,합병이란 뭐야?,"합병이란 두 개 이상의 기업이 하나의 기업으로 통합되는 과정을 의미합니다. 이 과정은 일반적으로 경영 효율성을 높이거나 시장 점유율을 확대하기 위해 이루어집니다. 합병은 다양한 형태로 진행될 수 있으며, 주식 교환, 자산 인수, 또는 새로운 법인을 설립하는 방식으로 이루어질 수 있습니다.

합병의 주요 목적은 비용 절감, 시너지 효과 창출, 경쟁력 강화 등입니다. 예를 들어, 두 기업이 합병함으로써 중복된 자원을 줄이고, 연구 개발이나 마케팅 비용을 절감할 수 있습니다. 또한, 합병을 통해 새로운 시장에 진입하거나 기존 시장에서의 입지를 강화할 수 있습니다.

그러나 합병은 항상 긍정적인 결과를 가져오는 것은 아닙니다. 합병 후 통합 과정에서 문화적 충돌이나 경영 전략의 불일치로 인해 예상치 못한 문제들이 발생할 수 있습니다. 따라서 합병을 결정할 때는 철저한 분석과 계획이 필요합니다.

현재 제공된 정보에서는 합병에 대한 구체적인 사례나 통계적 데이터가 부족하여, 보다 심층적인 분석이나 특정 사례에 대한 논의는 할 수 없습니다.","2021년 중 종속기업 Viv Labs, Inc.는 종속기업 Samsung Research America, Inc (SRA)에 합병되었고, Prismview, LLC는 Samsung Electronics America, Inc. (SEA)에 합병되었습니다. 또한, 2023년 중 종속기업 Samsung Display America Holdings, Inc. (SDAH)는 eMagin Corporation 지분을 인수하였습니다.",25.07,0.13043478260869565,0.0
Graph Hybrid,Tech Investor,삼성전자가 '그랑데 AI' 인공지능 기반 세탁기ㆍ건조기를 출시한 것이 시장에 어떤 영향을 미칠 것으로 예상하나요?,"삼성전자가 '그랑데 AI' 인공지능 기반 세탁기 및 건조기를 출시함으로써 시장에 미칠 영향은 여러 가지로 예상됩니다. 첫째, 이 제품은 AI Energy Mode와 같은 혁신적인 기술을 통해 에너지 절감 효과를 극대화할 수 있어 소비자들에게 매력적인 선택이 될 것입니다. 이러한 고효율 제품은 특히 환경을 중시하는 소비자들에게 긍정적인 반응을 얻을 것으로 보입니다.

둘째, 삼성전자는 북미 시장에서의 16% 고성장 목표를 달성하기 위해 이러한 고효율 제품 라인업을 강화하고 있습니다. '그랑데 AI'의 출시는 북미 냉매 규제에 대응하는 신모델 개발과 함께 시장 변화에 따른 기회를 적극적으로 활용하는 데 기여할 것입니다. 이는 삼성전자의 경쟁력을 더욱 강화하는 요소로 작용할 것입니다.

셋째, 삼성전자는 AI 및 모바일 경험 혁신에 집중하고 있으며, AI센터와 Mobile eXperience 품질혁신센터의 임원들이 포함된 팀이 이 제품의 개발에 참여하고 있습니다. 이는 삼성전자의 AI 기술 개발과 관련된 전략적 포지셔닝을 강화하는 데 중요한 역할을 할 것입니다. AI 기반 제품의 출시는 소비자들에게 새로운 경험을 제공하고, D2C(Direct to Consumer) 전략을 통해 직접 소비자 판매를 강화하는 데 기여할 수 있습니다.

그러나 이러한 긍정적인 전망에도 불구하고, 글로벌 반도체 시장의 경쟁 심화와 공급망 불안정성은 여전히 리스크로 작용할 수 있습니다. 따라서 삼성전자는 이러한 도전 과제를 해결하기 위한 전략을 지속적으로 모색해야 할 것입니다.","경영활동과 관련된 중요한 사항의 발생 내용에 따르면, 2020년에 '그랑데 AI' 인공지능 기반 세탁기ㆍ건조기 출시가 있었으며, 이는 삼성전자의 제품 혁신과 시장 점유율 확대에 중요한 영향을 미칠 것으로 기대됩니다.",36.28,0.8571428571428571,0.0
Graph Hybrid,Financial Analyst,2024년 3월 20일 정기주총에서 신제윤 사외이사가 감사위원회 위원이 되는 것과 관련해서 어떤 의미가 있나요?,"2024년 3월 20일 정기주주총회에서 신제윤이 삼성전자의 감사위원회 위원으로 선임된 것은 여러 가지 중요한 의미를 지닙니다. 첫째, 감사위원회는 내부회계관리제도를 평가하고 기업의 재무 건전성을 확보하는 중요한 역할을 수행하는 조직입니다. 신제윤이 이 위원회에 포함됨으로써, 그의 전문성과 경험이 삼성전자의 재무 관리 및 투명성 강화에 기여할 것으로 기대됩니다.

둘째, 신제윤은 사외이사로서 독립적인 시각을 제공할 수 있는 위치에 있습니다. 이는 감사위원회가 보다 객관적이고 공정한 결정을 내리는 데 도움이 될 것입니다. 사외이사는 회사의 경영진과는 독립적으로 운영되기 때문에, 신제윤의 참여는 감사위원회의 신뢰성을 높이는 데 기여할 수 있습니다.

셋째, 신제윤의 선임은 삼성전자가 지속 가능한 경영과 투명한 기업 지배구조를 강화하려는 의지를 나타냅니다. 감사위원회는 기업의 윤리적 경영과 관련된 중요한 결정을 내리는 기관으로, 신제윤의 참여는 이러한 방향성을 더욱 확고히 할 것입니다.

마지막으로, 신제윤은 감사위원회 외에도 보상위원회와 지속가능경영위원회 등 여러 위원회에 소속되어 있어, 그의 다양한 경험이 삼성전자의 전반적인 경영 전략에 긍정적인 영향을 미칠 것으로 보입니다. 이러한 점에서 신제윤의 감사위원회 위원 선임은 삼성전자의 경영 투명성과 책임성을 높이는 중요한 이정표로 평가될 수 있습니다.",2024년 3월 20일 정기주총에서는 신제윤 사외이사가 감사위원회 위원이 되는 내용이 포함되어 있습니다. 이는 신제윤 사외이사가 감사위원회 위원으로서 회사의 재무 감시와 내부 통제 역할을 수행하게 됨을 의미합니다.,36.73,0.38461538461538464,0.8121992426117727
Graph Hybrid,Financial Analyst,2024년 3월 20일 김선욱 사외이사 퇴임이 회사 재무 안정성에 어떤 영향이 있어?,"김선욱 사외이사의 퇴임은 삼성전자의 재무 안정성에 직접적인 영향을 미칠 수 있는 여러 요인과 관련이 있습니다. 김선욱은 삼성전자의 지속가능경영위원회에 100% 출석하며 활동해왔고, 이는 회사의 지속 가능한 경영 전략과 관련된 중요한 역할을 수행했음을 나타냅니다. 따라서 그의 퇴임은 이러한 위원회의 운영에 변화를 초래할 수 있으며, 이는 장기적으로 회사의 지속 가능성과 관련된 전략적 결정에 영향을 미칠 수 있습니다.

그러나 김선욱의 퇴임이 삼성전자의 재무 안정성에 미치는 영향은 단순히 개인의 퇴임으로 한정되지 않습니다. 삼성전자는 업계 최고 수준의 R&D 역량을 보유하고 있으며, DX(Device eXperience)와 DS(Device Solutions) 부문에서 각각 174,887,683천 원과 111조 660억원의 매출을 기록하고 있습니다. 이러한 강력한 재무 기반은 회사의 전반적인 안정성을 뒷받침하고 있습니다.

결론적으로, 김선욱 사외이사의 퇴임은 삼성전자의 지속 가능한 경영 전략에 영향을 미칠 수 있지만, 회사의 전반적인 재무 안정성은 여전히 강력한 매출과 R&D 역량에 의해 지탱되고 있습니다. 따라서 퇴임이 단기적으로는 영향이 있을 수 있으나, 장기적인 재무 안정성에는 큰 변화를 주지 않을 가능성이 높습니다.","2024년 3월 20일 김선욱 사외이사는 사외이사로서 감사위원회 위원이 되는 역할을 수행하다가 퇴임하게 되었습니다. 이 퇴임은 주주총회에서 조혜경 사외이사가 새로 선임됨에 따른 것으로, 김선욱 사외이사의 퇴임이 회사의 재무 안정성에 미치는 구체적인 영향에 대한 내용은 제공된 자료에 포함되어 있지 않습니다.",26.98,0.46153846153846156,0.0
Graph Hybrid,Financial Analyst,삼성전자의 '마. 합병 등에 관한 사항'은 어떤 내용을 포함하고 있나요?,지식 그래프 내에 관련 정보가 부족하여 답변할 수 없습니다. 삼성전자의 '마. 합병 등에 관한 사항'에 대한 구체적인 내용은 제공된 중간 그래프 답변에 포함되어 있지 않습니다. 추가적인 정보가 필요하다면 삼성전자의 공식 문서나 공시 자료를 참조하시기 바랍니다.,"2021년 중 종속기업 Viv Labs, Inc.는 종속기업 Samsung Research America, Inc (SRA)에 합병되었으며, Prismview, LLC는 Samsung Electronics America, Inc. (SEA)에 합병되었습니다. 또한, 2023년 중 종속기업 Samsung Display America Holdings, Inc. (SDAH)는 eMagin Corporation 지분을 인수하였습니다. 이와 같은 내용이 '마. 합병 등에 관한 사항'에 포함되어 있습니다.",14.22,0.25,0.0
Graph Hybrid,Risk Manager,소유주식수 및 지분율이 뭐야?,"소유주식수와 지분율은 기업의 소유 구조를 이해하는 데 중요한 지표입니다.

**소유주식수**는 특정 주주가 보유하고 있는 주식의 총 수를 의미합니다. 이는 주주가 기업의 소유권을 얼마나 가지고 있는지를 나타내는 기본적인 수치입니다. 예를 들어, 삼성전자는 레인보우로보틱스의 지분 20.3%를 인수하였지만, 구체적인 소유주식수에 대한 정보는 제공되지 않았습니다.

**지분율**은 특정 주주가 보유한 주식 수를 전체 발행 주식 수로 나눈 비율로, 기업의 소유 비율을 나타냅니다. 지분율은 보통주 기준으로 산정되며, 의결권 있는 주식에 대한 비율로도 표현됩니다. 예를 들어, 삼성생명보험의 지분율은 8.60%이며, 삼성코닝어드밴스드글라스의 지분율은 50.0%입니다. 또한, 하만 인터내셔널은 100% 지분을 보유한 여러 해외 자회사를 통해 안정적인 수익 구조를 유지하고 있습니다.

지분율은 기업의 재무 지표와도 관련이 있으며, 종속기업의 보유 지분율이나 상장주식의 보유주식수에 따라 달라질 수 있습니다. 예를 들어, 삼성전자는 2024년 12월 31일 기준으로 삼성전자서비스(주)와 Harman International Industries, Inc.의 지분율이 각각 100%로 기록되었습니다.

결론적으로, 소유주식수와 지분율은 기업의 소유 구조와 재무 상태를 이해하는 데 필수적인 요소이며, 각 기업의 상황에 따라 다르게 나타날 수 있습니다.","소유주식수 및 지분율은 최대주주 및 그 특수관계인의 합산 내역이며, 의결권 있는 주식(기타 법률에 의해 의결권 행사가 제한된 주식도 포함)을 기준으로 합니다. 자세한 사항은 'VII. 주주에 관한 사항'을 참고하시기 바랍니다.",27.33,1.0,0.8076549027914462
Graph Hybrid,Tech Investor,"종속기업 Viv Labs, Inc.의 최근 경영 활동이나 변화에 대해 어떤 정보가 있나요?","Viv Labs, Inc.는 2021년에 삼성전자의 종속기업으로 합병되었습니다. 이 합병은 삼성 리서치 아메리카와의 통합을 포함하여 이루어졌습니다. 따라서 Viv Labs는 현재 삼성전자의 연구 및 개발 부문에서 중요한 역할을 하고 있으며, 삼성의 인공지능 및 음성 인식 기술 발전에 기여하고 있습니다.

최근 경영 활동이나 변화에 대한 구체적인 정보는 제공된 맥락 내에 부족하여, Viv Labs의 최신 동향이나 전략적 결정에 대한 자세한 내용을 확인할 수 없습니다. 추가적인 정보가 필요하다면, 삼성전자의 공식 발표나 관련 뉴스 기사를 참고하는 것이 좋습니다.","2021년 중 종속기업 Viv Labs, Inc.는 종속기업 Samsung Research America, Inc (SRA)에 합병되었습니다.",20.37,0.5714285714285714,0.0
Graph Hybrid,Tech Investor,경영활동과 관려된 중요사안 발생내역이 뭐야?,"삼성전자의 경영활동과 관련된 중요사안 발생내역은 여러 가지로 요약될 수 있습니다. 

1. **재무 성과 및 성장 전략**: 삼성전자는 2023년 3분기 동안 1,730,993억 원의 매출을 기록하며 안정적인 성장을 이어갔습니다. 특히, 메모리 사업부의 가동률이 100%에 달하는 점이 주목할 만합니다. 또한, 반도체 부문이 전체 매출의 60% 이상을 차지할 것으로 예상되며, 메모리 제품의 매출이 전년 대비 15% 증가한 20조 원에 달했습니다.

2. **신규 사업 및 투자**: 삼성전자는 신규 연결 자회사인 ㈜레인보우로보틱스와 RAINBOW ROBOTICS USA Co., Ltd.의 설립을 통해 로봇 및 자동화 기술 분야에서의 확장을 도모하고 있습니다. 또한, SVIC 74호 신기술투자조합의 설립은 신기술 및 벤처기업에 대한 투자 확대를 나타냅니다.

3. **법적 리스크 및 과징금**: 삼성바이오로직스㈜는 회계처리 수정과 관련된 법적 분쟁에 직면해 있으며, 이로 인해 80억 원의 과징금이 부과되었습니다. 이러한 회계처리 수정은 2015년부터 2022년까지의 재무제표에 영향을 미칠 것으로 예상됩니다.

4. **경영진 변화**: 신 제 윤 이사의 임기 만료는 삼성전자의 경영 전략에 중요한 전환점을 의미할 수 있으며, 경영진의 변화와 함께 새로운 전략적 방향성을 제시할 기회로 작용할 수 있습니다.

5. **글로벌 경쟁 및 협력**: 삼성전자는 Qualcomm, MediaTek, Google, Ericsson, Huawei, Nokia와의 상호 특허 사용 계약을 체결하여 모바일AP 솔루션 시장에서의 경쟁력을 강화하고 있습니다. 이러한 계약들은 삼성전자의 기술력과 시장 점유율을 높이는 데 기여하고 있습니다.

6. **ESG 및 지속 가능한 경영**: 삼성전자는 ESG 관련 법규 준수를 통해 지속 가능한 경영을 강화하고 있으며, 주주가치 제고를 위한 다양한 방안을 논의하고 있습니다. 2024~2026년 주주환원 정책에 따라 연간 9.8조 원의 정규 배당을 실시할 예정입니다.

이와 같은 경영활동은 삼성전자가 미래 성장 산업을 선도할 기회를 확보하는 데 기여하고 있지만, 법적 리스크, 경쟁 심화, 글로벌 경제 불확실성 등 다양한 리스크 요소도 존재합니다. 이러한 요소들은 삼성전자의 경영활동에 중요한 영향을 미치고 있습니다.","경영활동과 관련된 중요한 사항의 발생내용에는 2020년 '그랑데 AI' 인공지능 기반 세탁기ㆍ건조기 출시, AIㆍ차세대 슈퍼컴퓨터용 초고속 DRAM 출시, 'Galaxy Z 플립' 최초 폴더블폰 공개, 세계 최대 규모 평택 반도체 2라인 가동이 포함됩니다. 2021년에는 'Neo QLED TV' 공개, 전세계 반도체 업체 최초 전 사업장 '탄소/물/폐기물 저감' 인증, 업계 최선단 14나노 EUV DDR5 D램 양산, 미국 테일러시 투자 발표가 있었고, 2022년에는 BESPOKE 인피니트 라인 공개, 세계 최초 3나노 GAA 파운드리 양산, 차세대 반도체 R&D단지 기공식, 1Tb 8세대 V낸드 양산이 진행되었습니다. 2023년에는 초고화소 기술이 집약된 2억 화소 이미지센서 '아이소셀 HP2' 출시와 업계 최선단 12나노급이 포함됩니다.",48.27,1.0,0.7945669662148408
Graph Hybrid,Tech Investor,2024.03. 20 | 정기주 총 | 사외이사 신제윤 (감사위원회 위원이 되 맞나요?,"2024년 3월 20일에 열린 정기주주총회에서 신제윤이 사외이사로 선임되었으며, 동시에 감사위원회 위원으로도 선임되었습니다. 따라서, 질문하신 내용은 맞습니다. 신제윤은 이사회에서 사외이사로 포함되었고, 감사위원회에서도 위원으로 활동하게 됩니다.","네, 2024.03. 20에 정기주총에서 사외이사 신제윤이 감사위원회 위원이 되는 것으로 확인됩니다.",38.58,0.8333333333333334,0.7989534495358481
Graph Hybrid,Tech Investor,"2021년 중에 이름이 Samsung Electronics Portuguesa, Unipessoal, Lda.로 변경된 종속기업인 Samsung Electronics Portuguesa S.A.의 변경 사유와 그 영향은 무엇이며, 이러한 변경이 삼성전자의 글로벌 시장 전략에 어떤 의미를 갖는지 상세히 설명해 주시겠습니까?","제공된 정보에는 삼성전자의 포르투갈 자회사인 Samsung Electronics Portuguesa S.A.의 이름 변경 사유와 그 영향에 대한 구체적인 내용이 포함되어 있지 않습니다. 따라서 이와 관련된 정확한 정보를 제공하기에는 지식 그래프 내에 관련 정보가 부족합니다.

그러나 일반적으로 기업의 이름 변경은 여러 가지 이유로 이루어질 수 있습니다. 예를 들어, 브랜드 이미지 개선, 법적 요구사항 충족, 또는 글로벌 전략의 일환으로 통합된 브랜드 아이덴티티를 강화하기 위한 조치일 수 있습니다. 이러한 변경은 해당 기업의 시장 인지도와 소비자 신뢰도에 긍정적인 영향을 미칠 수 있으며, 글로벌 시장에서의 경쟁력을 높이는 데 기여할 수 있습니다.

삼성전자는 업계 최고 수준의 R&D 역량을 보유하고 있으며, 소비자 전자제품 및 부품을 제조하는 두 개의 주요 부문(DX와 DS)을 운영하고 있습니다. 이러한 글로벌 시장 전략의 일환으로, 자회사의 이름 변경은 삼성전자가 포르투갈 및 유럽 시장에서의 입지를 강화하고, 통합된 브랜드 전략을 통해 소비자와의 관계를 더욱 공고히 하려는 의도를 반영할 수 있습니다.

결론적으로, 삼성전자의 자회사 이름 변경은 브랜드 전략의 일환으로 해석될 수 있으며, 이는 글로벌 시장에서의 경쟁력 강화와 소비자 신뢰도 향상에 긍정적인 영향을 미칠 것으로 예상됩니다. 그러나 구체적인 변경 사유와 그 영향에 대한 정보는 추가적인 자료가 필요합니다.","2021년 중에 종속기업 Samsung Electronics Portuguesa S.A.는 Samsung Electronics Portuguesa, Unipessoal, Lda.로 사명이 변경되었습니다. 이는 해당 기업의 명칭 변경에 따른 사유와 그 영향에 대한 구체적인 내용은 제공된 자료에 포함되어 있지 않으며, 이러한 변경이 삼성전자의 글로벌 시장 전략에 어떤 의미를 갖는지에 대한 정보도 명시되어 있지 않습니다. 따라서, 제공된 자료 내에서 확인할 수 있는 내용은 이름 변경 사실과 관련된 사항뿐입니다.",29.41,0.38461538461538464,0.0
Graph Hybrid,Financial Analyst,가동률 및 생산실적이 어떻게 영향을 미치는지에 대해 설명해줄수 있니?,"가동률과 생산실적은 기업의 생산 효율성과 재무 성과에 중요한 영향을 미치는 두 가지 핵심 지표입니다.

가동률은 생산능력 대비 실제 생산 비율을 나타내며, 이는 특정 기간 동안의 생산 효율성을 평가하는 데 사용됩니다. 예를 들어, 2024년 DX 부문의 TV 가동률은 79.8%로 기록되었고, 스마트폰은 72.8%였습니다. 이러한 가동률 수치는 생산능력을 최대한 활용하고 있는지를 보여주며, 높은 가동률은 생산 효율성을 극대화하고 제품 공급을 원활하게 하여 시장에서의 경쟁력을 강화하는 데 기여합니다. 2025년 1분기 Harman의 가동률은 74.5%였으며, 2025년 3분기에는 TV와 모니터의 가동률이 77.2%, 스마트폰은 79.7%로 증가했습니다. 이는 기업이 생산능력을 효과적으로 활용하고 있음을 나타냅니다.

생산실적은 실제로 생산된 제품의 총량을 의미하며, 이는 기업의 매출과 직결됩니다. 예를 들어, 2025년 3분기 동안 DX 부문에서 32,843천대의 TV와 모니터가 생산되었고, DS 부문에서는 1,638,876백만개의 메모리가 생산되었습니다. 이러한 생산실적은 기업의 매출 증가에 긍정적인 영향을 미치며, 높은 생산실적은 시장에서의 경쟁력을 더욱 강화합니다.

결론적으로, 가동률과 생산실적은 서로 밀접하게 연결되어 있으며, 높은 가동률은 생산실적을 증가시키고, 이는 다시 기업의 재무 성과에 긍정적인 영향을 미칩니다. 따라서 이 두 지표는 기업의 지속적인 성장과 안정적인 성장을 위한 중요한 요소로 작용합니다.","당사 DX 부문의 2025년(제57기) 3분기 가동률은 생산능력 대비 생산실적으로 산출하였으며, TV, 모니터 등은 77.2%, 스마트폰 등은 79.7%입니다. 또한, DS 부문의 메모리 사업과 SDC의 디스플레이 패널 사업은 24시간 3교대 작업을 실시하고 있으며, 가동률은 생산라인별 가동 가능시간 대비 실제 가동 시간으로 산출하였습니다.",27.04,1.0,0.8256315093800998
Graph Hybrid,Financial Analyst,Harman의 2025년 3분기 가동률이 73.1%인 이유는 무엇인가요?,"Harman의 2025년 3분기 가동률에 대한 정보는 제공된 중간 그래프 답변에서 확인할 수 없습니다. 대신, Harman의 2025년 1분기 가동률은 74.5%로 기록되어 있습니다. 그러나 3분기 가동률이 73.1%라는 구체적인 수치는 제공되지 않았으며, 그 이유에 대한 설명도 포함되어 있지 않습니다. 

따라서, Harman의 2025년 3분기 가동률이 73.1%인 이유에 대한 정보는 지식 그래프 내에 부족하여 답변할 수 없습니다. 추가적인 정보가 필요하다면, Harman의 공식 발표나 관련 자료를 참조하는 것이 좋습니다.",Harman의 2025년(제57기) 3분기 가동률은 생산능력 대비 생산실적으로 산출하였으며 73.1%입니다.,18.39,1.0,0.0
Graph Hybrid,Financial Analyst,해외 (DX 부문 산 하 9개 지역총괄) 이라는 말이 어떻게 쓰여졌는지 알수있나요?,"""해외 (DX 부문 산 하 9개 지역총괄)""이라는 표현은 삼성전자의 DX 부문이 해외 시장에서 활동하는 여러 지역을 총괄하는 조직 구조를 나타냅니다. DX 부문은 TV, 가전, 모바일 제품 사업을 포함하며, 이 부문은 해외 판매법인을 통해 글로벌 시장에서의 판매 및 운영을 담당하고 있습니다. 

이 표현에서 ""9개 지역총괄""은 특정 지역을 관리하는 총괄 조직이 존재함을 의미하며, 이는 삼성전자가 해외 시장에서의 경쟁력을 강화하기 위해 지역별로 전문화된 관리 체계를 갖추고 있다는 것을 보여줍니다. 이러한 구조는 각 지역의 시장 특성과 소비자 요구에 맞춘 전략을 수립하고 실행하는 데 중요한 역할을 합니다.

따라서, ""해외 (DX 부문 산 하 9개 지역총괄)""이라는 용어는 삼성전자의 DX 부문이 해외 시장에서의 효과적인 운영을 위해 설정한 조직적 접근 방식을 설명하는 것입니다.","해외 (DX 부문 산 하 9개 지역총괄 )는 북미 총괄, 유럽 총괄, 중국 총괄, 동남아 총괄 등 9개 지역총괄을 의미합니다.",21.29,0.2857142857142857,0.8918482817639352
Graph Hybrid,Risk Manager,"DS 부문의 메모리 사업과 관련하여 현재의 생산능력, 가동률, 그리고 잠재적 비즈니스 리스크는 무엇이며, 이러한 요소들이 향후 규제 문제나 공급망 문제에 어떤 영향을 미칠 수 있습니까?","DS 부문의 메모리 사업은 삼성전자의 핵심 사업 중 하나로, 현재의 생산능력은 2,238,240,405개로 기록되어 있습니다. 2023년 3분기 동안 이 부문은 가동률이 100%에 달하며, 매출은 844,630억 원에 이르는 등 매우 높은 생산능력을 유지하고 있습니다. 이러한 높은 가동률은 DS 부문이 시장의 수요에 효과적으로 대응하고 있음을 나타냅니다.

그러나 DS 부문은 여러 잠재적 비즈니스 리스크에 직면해 있습니다. 첫째, 글로벌 반도체 시장의 경쟁 심화는 삼성전자의 메모리 사업에 부정적인 영향을 미칠 수 있습니다. 특히, 경쟁사들의 기술 발전과 시장 변화에 대한 지속적인 모니터링이 필요합니다. 둘째, 공급망의 불안정성은 생산 및 운영에 영향을 줄 수 있는 중요한 요소입니다. 예를 들어, 원자재 공급의 차질이나 물류 문제는 생산능력에 직접적인 영향을 미칠 수 있습니다. 셋째, 규제 문제도 중요한 리스크로 작용할 수 있습니다. 특히, 중국 시장의 규제 강화는 삼성전자의 성장에 위협 요소로 작용할 수 있으며, 이는 향후 운영에 부정적인 영향을 미칠 가능성이 있습니다.

결론적으로, DS 부문의 메모리 사업은 현재 높은 생산능력과 가동률을 유지하고 있지만, 경쟁 심화, 공급망 불안정성, 그리고 규제 문제와 같은 다양한 리스크 요소들이 향후 운영에 영향을 미칠 수 있습니다. 이러한 요소들은 삼성전자가 지속적으로 관리하고 대응해야 할 중요한 과제입니다.","DS 부문의 메모리 사업은 24시간 3교대 작업을 실시하고 있으며, 2025년(제57기) 3분기 가동일은 휴일을 포함하여 총 273일입니다. 현재 생산능력은 1,638,875,991 대에서 2,238,240,405 대로 증가하였으며, 가동률은 77.2%입니다. 이러한 생산 실적과 가동률은 잠재적 비즈니스 리스크, 규제 문제, 공급망 문제와 밀접한 관련이 있으며, 생산능력과 가동률의 변화는 향후 시장 수요와 규제 환경에 따라 영향을 받을 수 있습니다.",35.85,1.0,0.0
Graph Hybrid,Financial Analyst,가동 가능시간이 무엇인지 설명해 주실 수 있나요?,"가동 가능시간은 특정 시스템이나 기계가 정상적으로 작동할 수 있는 시간을 의미합니다. 이는 주기와 관련된 개념으로, 동작이나 활동이 반복적으로 이루어지는 주기적인 특성을 반영합니다. 가동 가능시간은 시스템의 효율성과 생산성을 평가하는 데 중요한 지표로 사용되며, 기계의 유지보수, 고장, 또는 기타 외부 요인에 의해 영향을 받을 수 있습니다. 

따라서, 가동 가능시간은 시스템이 실제로 작동하는 시간과 이를 방해하는 요소들(예: 정비 시간, 고장 시간 등)을 고려하여 계산됩니다. 이러한 측면에서 가동 가능시간은 운영 효율성을 높이기 위한 중요한 관리 지표로 활용됩니다. 

지식 그래프 내에 관련 정보가 부족하여 가동 가능시간의 구체적인 수치나 예시를 제공할 수는 없습니다.","가동 가능시간은 가동일에 생산라인 수와 24시간을 곱하여 산출한 시간으로, 실제 가동 시간과 대비하여 계산됩니다.",16.63,0.125,0.0
Graph Hybrid,Financial Analyst,Harman의 2025년 3분기 가동률은 얼마인가요?,"지식 그래프 내에 관련 정보가 부족하여 답변할 수 없습니다. 제공된 중간 그래프 답변에서는 Harman의 2025년 1분기 가동률이 74.5%로 기록되어 있지만, 3분기 가동률에 대한 정보는 포함되어 있지 않습니다.",Harman의 2025년(제57기) 3분기 가동률은 생산능력 대비 생산실적으로 산출하였으며 73.1%입니다.,12.95,0.6666666666666666,0.0
Graph Hybrid,Financial Analyst,삼성전자의 DX 부문은 어떤 제품군에서 주로 어떤 생산 실적을 기록하고 있나요?,"삼성전자의 DX(Device eXperience) 부문은 주로 스마트폰, TV, 가전제품 등 다양한 전자 제품에서 생산 실적을 기록하고 있습니다. 2023년 DX 부문은 174,887,683천 원의 매출을 기록하였으며, 2025년 반기 매출은 95조 2,874억원에 이를 것으로 예상됩니다. 

특히, TV 시장에서는 2006년부터 2024년까지 19년 연속 판매 1위를 기록하고 있으며, Neo QLED 8K와 OLED TV와 같은 고급 TV 라인업을 통해 프리미엄 시장에서의 입지를 강화하고 있습니다. 또한, 스마트폰 부문에서는 2024년까지 193,500대의 스마트폰을 생산할 계획이며, Galaxy Book 시리즈와 같은 고성능 노트북도 출시되고 있습니다.

가전제품 부문에서는 에너지 효율성을 높인 냉장고와 세탁기 제품군이 주목받고 있으며, AI Energy Mode와 같은 혁신적인 기술을 적용하여 에너지 절감 효과를 극대화하고 있습니다. 이 외에도 Galaxy Watch 시리즈와 Galaxy Buds3 Pro와 같은 웨어러블 기기 및 오디오 기기에서도 생산 실적을 기록하고 있습니다.

결론적으로, 삼성전자의 DX 부문은 스마트폰, TV, 가전제품, 웨어러블 기기 등 다양한 제품군에서 강력한 생산 실적을 보이고 있으며, 앞으로도 지속적인 기술 혁신과 제품 라인업 확장을 통해 시장에서의 경쟁력을 강화할 것으로 기대됩니다.","삼성전자의 DX 부문은 TV, 모니터 등과 스마트폰 등에서 각각 32,843대와 161,012대의 생산 실적을 기록하고 있으며, 가동률은 각각 77.2%와 79.7%입니다.",23.17,1.0,0.8631150793202875
Graph Hybrid,Tech Investor,Harman의 2025년 3분기 가동률이 73.1%인 이유는 뭐야?,"Harman의 2025년 3분기 가동률에 대한 정보는 제공된 중간 그래프 답변들에서 확인할 수 없습니다. 대신, 2025년 1분기 가동률은 74.5%로 기록되어 있으며, 3분기 가동률이 73.1%라는 정보는 확인되지 않았습니다. 따라서, Harman의 2025년 3분기 가동률이 73.1%인 이유에 대한 구체적인 설명이나 근거를 제공할 수 없습니다. 지식 그래프 내에 관련 정보가 부족하여 답변할 수 없습니다.",Harman의 2025년(제57기) 3분기 가동률은 생산능력 대비 생산실적으로 산출하였으며 73.1%입니다.,20.26,1.0,0.0
Graph Hybrid,Tech Investor,"해외 (DX 부문 산하 9개 지역총괄) 이라는 말이 어떻게 쓰여졌는지 잘못 쓴거 같은데, 맞나요?","""해외 (DX 부문 산하 9개 지역총괄)""이라는 표현은 다소 모호하게 들릴 수 있습니다. 이 문구는 DX 부문이 해외 시장에서 활동하는 9개의 지역 총괄을 포함하고 있다는 의미로 해석될 수 있습니다. 그러나 ""해외""라는 단어가 특정한 지리적 범위를 명확히 하지 않기 때문에, 이 표현이 정확한지 여부는 문맥에 따라 달라질 수 있습니다.

DX 부문은 삼성전자의 TV, 가전, 모바일 제품 사업을 포함하며, 해외 시장에서의 판매법인과 관련이 있습니다. 따라서 ""해외""라는 용어는 DX 부문이 글로벌 시장에서 활동하고 있음을 나타내는 것으로 이해할 수 있습니다. 그러나 ""9개 지역총괄""이라는 부분이 구체적으로 어떤 지역을 지칭하는지에 대한 정보가 부족하여, 이 부분이 명확하지 않다면 추가적인 설명이 필요할 것입니다.

결론적으로, 표현 자체가 잘못되었다고 단정할 수는 없지만, 보다 명확한 설명이나 구체적인 지역 명칭이 포함된다면 이해하는 데 도움이 될 것입니다.","네, 문맥상 '해외 (DX 부문 산하 9개 지역총괄)'라는 표현이 '해외 (DX 부문 산 하 9개 지역총괄)'로 잘못 표기된 것으로 보입니다. 이는 '산하'가 올바른 표현입니다.",29.19,0.7,0.0
Graph Hybrid,Financial Analyst,메모리라는 용어가 삼성전자의 생산능력과 가동률에 어떤 영향을 미치는지 알 수 있나요?,"메모리라는 용어는 삼성전자의 생산능력과 가동률에 매우 중요한 영향을 미칩니다. 삼성전자의 메모리 사업부는 2023년 3분기 동안 844,630억 원의 매출을 기록하며, 가동률이 100%에 달하는 안정적인 성장을 이어가고 있습니다. 이는 메모리 사업부의 생산능력이 최대한 활용되고 있음을 나타내며, 높은 가동률은 생산 효율성을 극대화하고 매출 증가에 긍정적인 영향을 미칩니다.

또한, 삼성전자는 고성능 메모리 제품인 HBM3E D램과 같은 신제품 개발을 통해 시장 경쟁력을 강화할 계획입니다. 이러한 고성능 메모리에 대한 수요 증가가 예상되므로, 삼성전자는 이러한 제품을 생산하기 위해 가동률을 높이고 생산능력을 확장할 가능성이 큽니다. 

2024년에는 9세대 V낸드 양산이 시작될 예정이며, 이는 메모리 시장에서의 경쟁력을 더욱 강화할 것으로 기대됩니다. 이러한 생산 계획은 삼성전자의 생산능력과 가동률에 긍정적인 영향을 미칠 것으로 보입니다. 

그러나 글로벌 반도체 시장의 경쟁 심화와 공급망 불안정성은 리스크로 작용할 수 있으며, 이러한 요소들이 삼성전자의 생산능력과 가동률에 미치는 영향은 복합적일 수 있습니다. 따라서 메모리라는 용어는 삼성전자의 생산능력과 가동률에 직접적인 영향을 미치며, 이는 매출 성장과도 밀접한 관련이 있습니다.","메모리 사업은 DS 부문에서 중요한 역할을 하며, 2025년 3분기 가동률은 생산능력 대비 79.7%로 나타났습니다. 이는 24시간 3교대 작업과 273일의 가동일을 통해 생산이 이루어지고 있음을 보여줍니다.",66.93,1.0,0.0
Graph Hybrid,Financial Analyst,생산라인 수는 무엇을 나타내나요?,"생산라인 수는 일반적으로 특정 기업이나 산업의 생산 능력과 효율성을 나타내는 중요한 지표입니다. 이는 기업이 얼마나 많은 제품을 일정 기간 내에 생산할 수 있는지를 보여주며, 생산라인의 수가 많을수록 대량 생산이 가능하다는 것을 의미합니다. 

예를 들어, 삼성전자는 한국의 산업 중심지에 위치하고 있으며, 이 지역에서의 생산라인 수는 삼성전자의 전반적인 생산 능력과 시장 수요에 대한 대응력을 반영합니다. 생산라인 수가 증가하면 기업은 더 많은 제품을 생산할 수 있어 시장 점유율을 확대할 수 있는 기회를 가질 수 있습니다.

따라서, 생산라인 수는 기업의 생산 효율성, 시장 경쟁력, 그리고 산업 내 위치를 평가하는 데 중요한 역할을 합니다.","생산라인 수는 가동 가능시간 대비 실제 가동 시간으로 산출된 것으로, 각 부문의 생산 능력을 나타냅니다.",15.41,0.125,0.8528897716772798
Graph Hybrid,Risk Manager,가동률이란 무엇을 의미하나요?,"가동률은 생산능력 대비 실제 생산 비율을 나타내는 지표로, 특정 기간 동안의 생산 효율성을 평가하는 데 사용됩니다. 이는 생산능력 대수와 실제 생산 대수를 비교하여 산출되며, 가동일 수와 실제 생산 대수에 따라 결정됩니다. 

예를 들어, 2024년 기준으로 DX 부문의 TV 가동률은 79.8%, 스마트폰은 72.8%로 기록되었으며, 2025년 1분기에는 Harman의 가동률이 74.5%로 나타났습니다. 또한, 2025년 반기에는 TV와 모니터의 가동률이 77.8%, 스마트폰은 78.6%로 보고되었습니다. 2025년 3분기에는 TV와 모니터의 가동률이 77.2%, 스마트폰은 79.7%로 증가한 것을 볼 수 있습니다.

이처럼 가동률은 생산 과정의 효율성을 측정하는 중요한 지표로, 기업의 생산 전략 및 운영 효율성을 평가하는 데 필수적인 역할을 합니다.","가동률은 생산라인 별 가동 가능시간(가동일 × 생산라인 수 × 24시간) 대비 실제 가동 시간으로 산출하며, 예를 들어 Harman의 2025년(제57기) 3분기 가동률은 생산능력 대비 생산실적으로 산출하여 73.1%입니다.",17.81,0.7692307692307693,0.8007650874766132
Graph Hybrid,Tech Investor,삼성전자의 DS 부문이 최근 실적이나 성장 잠재력에 대해 어떤 정보를 제공하고 있나요?,"삼성전자의 DS(Device Solutions) 부문은 최근 실적과 성장 잠재력에 대한 여러 중요한 정보를 제공합니다. 2023년 3분기 기준으로 DS 부문은 매출이 20조 원을 초과할 것으로 예상되며, 이는 전년 대비 15% 증가한 수치입니다. 이러한 성장은 반도체 기술 개발과 마케팅 전략을 동시에 추진한 결과로, 메모리 제품의 매출이 전체 매출의 약 40%를 차지하고 있습니다.

특히, DS 부문은 DRAM과 NAND Flash와 같은 메모리 제품을 생산하며, 2025년 반기에는 53조 61억 원의 매출을 기록할 것으로 보입니다. 또한, 2023년 DS 부문에서 영업이익은 15조 원을 초과할 것으로 예상되며, 이는 효율적인 자원 배분과 비용 관리 덕분입니다. 

더불어, DS 부문은 차세대 메모리 제품인 HBM(High Bandwidth Memory)과 같은 혁신적인 기술 개발에 집중하고 있으며, 2024년에는 업계 최초의 9세대 V낸드 양산이 시작될 예정입니다. 이러한 기술 발전은 DS 부문의 실적 향상에 기여할 것으로 기대됩니다. 

또한, 삼성전자는 AI 기술의 접목과 5G 통신 솔루션의 혁신을 통해 시장 경쟁력을 높이고 있으며, 이는 향후 매출 성장에 긍정적인 영향을 미칠 것으로 예상됩니다. DS 부문은 반도체 및 네트워크 전략 마케팅에 중점을 두고 있으며, 고객 만족도를 높이기 위한 다양한 협력과 전략적 기획을 통해 시장 점유율을 확대할 기회를 모색하고 있습니다.

결론적으로, 삼성전자의 DS 부문은 최근 실적이 긍정적이며, 기술 혁신과 효율적인 운영을 통해 향후 성장 잠재력이 높다고 평가됩니다.","제공된 자료에 따르면, DS 부문은 메모리 사업과 SDC의 디스플레이 패널 사업이 포함되어 있으며, 2025년 제57기 3분기 가동률은 각각 메모리 사업이 79.7%이고, 디스플레이 패널 사업은 77.2%입니다. 또한, 메모리 사업은 1,638,875,991 단위의 생산실적을 기록했고, 디스플레이 패널은 1,361 단위의 생산실적을 보였습니다. 이와 같은 생산 실적과 가동률은 DS 부문의 성장 잠재력을 보여주는 지표로 볼 수 있습니다.",30.47,1.0,0.8502681867258519
Graph Hybrid,Risk Manager,Harman의 2025년 3분기 가동률이 73.1%인 이유는 무엇입니까?,"Harman의 2025년 3분기 가동률에 대한 정보는 제공된 중간 그래프 답변에서 확인할 수 없습니다. 대신, 2025년 1분기 가동률은 74.5%로 기록되어 있으며, 3분기 가동률이 73.1%라는 정보는 명시되어 있지 않습니다. 따라서, Harman의 2025년 3분기 가동률이 73.1%인 이유에 대한 구체적인 설명이나 근거를 제공할 수 없습니다. 

지식 그래프 내에 관련 정보가 부족하여 답변할 수 없습니다.",Harman의 2025년(제57기) 3분기 가동률은 생산능력 대비 생산실적으로 산출하였으며 73.1%입니다.,19.43,1.0,0.0
Graph Hybrid,Tech Investor,"국내 (DX 부문, DS 부문, SDC 산하 12개 사업장) 어디에 있어요?","삼성전자의 DX 부문, DS 부문, 그리고 SDC는 각각 다양한 사업을 운영하고 있으며, 이들 부문은 국내 여러 지역에 위치한 사업장에서 활동하고 있습니다. 

1. **DX 부문**: 이 부문은 TV, 가전, 모바일 제품 사업을 포함하며, 삼성전자의 주요 제품인 스마트폰, 태블릿, 웨어러블 기기 등을 생산합니다. DX 부문은 삼성전자의 여러 사업장 중에서 가전 및 모바일 제품을 제조하는 시설이 위치해 있습니다.

2. **DS 부문**: 메모리 반도체 및 System LSI 사업을 포함하는 DS 부문은 DRAM, NAND Flash 등 다양한 반도체 제품을 생산합니다. 이 부문 역시 국내 여러 반도체 제조 시설에서 운영되고 있습니다.

3. **SDC (Samsung Display Corporation)**: SDC는 중소형 디스플레이 패널 사업을 운영하며, 스마트폰용 OLED 패널, 폴더블 디스플레이, IT 기기용 디스플레이 등을 생산합니다. SDC의 사업장도 국내에 위치하고 있습니다.

각 부문은 삼성전자의 경영위원회에 의해 자원이 배분되며, 국내의 여러 사업장에서 운영되고 있습니다. 그러나 구체적인 사업장 위치에 대한 정보는 제공된 데이터에 포함되어 있지 않아, 특정 지역이나 주소를 명시할 수는 없습니다.","국내 (DX 부문, DS 부문, SDC 산하 12개 사업장)은 수원사업장, 서초사업장, 우면사업장, 기흥사업장, 화성사업장, 평택사업장, 천안사업장, 온양사업장, 아산사업장, 구미1사업장, 구미2사업장, 광주사업장 등 여러 사업장으로 구성되어 있으며, 각각 경기도 수원시 영통구, 서울특별시 서초구, 서울특별시 서초구, 경기도 용인시 기흥구, 경기도 화성시, 경기도 평택시, 충청남도 천안시, 충청남도 아산시 배방읍, 충청남도 아산시 탕정면, 경상북도 구미시, 경상북도 구미시, 광주광역시 광산구에 소재하고 있습니다.",22.45,0.6666666666666666,0.0
Graph Hybrid,Tech Investor,디스플레이 패널이 뭐야?,"디스플레이 패널은 TV 및 모니터와 같은 화면 장치에 사용되는 기술로, 이미지와 영상을 시각적으로 표현하는 역할을 합니다. 이 패널은 다양한 제조업체에 의해 생산되며, 특히 삼성전자와 삼성디스플레이㈜가 주요 제조업체로 알려져 있습니다. 삼성전자는 디스플레이 패널을 100% 가동하여 생산하고 있으며, 삼성디스플레이는 OLED 패널을 포함한 다양한 디스플레이 기술을 개발하고 있습니다.

디스플레이 패널의 생산량은 지속적으로 증가하고 있으며, SDC는 2024년 1,759개의 디스플레이 패널을 생산할 계획입니다. 또한, 디스플레이 패널은 AUO와 CSOT와 같은 다른 업체로부터 공급받기도 합니다. 최근에는 48~120Hz 가변주사율 기술과 OCTA 기술이 적용된 OLED 패널이 개발되어, Galaxy북3 프로와 HP Elitebook과 같은 제품에 사용되고 있습니다.

2023년에는 디스플레이 패널 매출이 291,578억 원에 달했으며, 이는 2022년의 309,754억 원과 비교할 때 감소한 수치입니다. 이러한 매출 변화는 시장의 수요와 공급, 기술 발전에 따라 달라질 수 있습니다. 디스플레이 패널은 현대의 다양한 전자기기에서 필수적인 요소로 자리 잡고 있으며, 앞으로도 지속적인 기술 혁신이 기대됩니다.","이 문맥에서 디스플레이 패널은 SDC의 사업 항목으로 언급되고 있으며, 관련 생산 실적과 가동률이 제공되고 있습니다.",19.28,0.6875,0.8262228667788912
Graph Hybrid,Risk Manager,"가동 가능시간이란 무엇이고, 왜 중요한가요? 특히, 생산라인의 가동 시간과 관련해서 어떻게 계산되며, 어떤 의미를 가지나요?","가동 가능시간은 특정 시스템이나 생산라인이 실제로 가동될 수 있는 시간을 의미합니다. 이는 생산 효율성을 평가하는 중요한 지표로, 가동 가능시간이 높을수록 생산라인이 더 많은 제품을 생산할 수 있는 잠재력을 가지고 있음을 나타냅니다. 

가동 가능시간은 일반적으로 총 가동 시간에서 비가동 시간(예: 유지보수, 고장, 기타 중단 시간)을 제외한 시간으로 계산됩니다. 예를 들어, 하루 24시간 운영되는 생산라인에서 4시간의 비가동 시간이 발생한다면, 가동 가능시간은 20시간이 됩니다. 이 계산은 생산라인의 효율성을 높이고, 자원의 최적화를 도모하는 데 필수적입니다.

가동 가능시간은 생산성과 직결되며, 기업의 수익성에도 큰 영향을 미칩니다. 따라서 기업들은 가동 가능시간을 최대화하기 위해 다양한 전략을 수립하고, 이를 통해 생산라인의 운영 효율성을 지속적으로 개선하려고 합니다. 

결론적으로, 가동 가능시간은 생산라인의 성능을 평가하고, 기업의 경쟁력을 강화하는 데 중요한 역할을 합니다.","가동 가능시간은 가동일에 생산라인 수와 24시간을 곱하여 산출한 시간으로, 실제 가동 시간과 비교하여 생산 효율성을 평가하는 데 사용됩니다. 이는 생산라인의 가동 상태를 파악하고, 잠재적 비즈니스 리스크나 규제 문제를 식별하는 데 중요한 지표입니다.",18.28,0.0,0.8468721683472923
Graph Hybrid,Risk Manager,Harman의 2025년(제57기) 3분기 가동률이 73.1%인 이유는 무엇인가요?,"Harman의 2025년(제57기) 3분기 가동률에 대한 정보는 제공된 중간 그래프 답변들에서 확인할 수 없습니다. 대신, Harman의 2025년 1분기 가동률은 74.5%로 기록되어 있으며, 이는 특정 시점의 생산 효율성을 나타냅니다. 그러나 3분기 가동률이 73.1%인 이유에 대한 구체적인 설명이나 원인은 지식 그래프 내에 관련 정보가 부족하여 답변할 수 없습니다. 

Harman의 가동률은 여러 요인에 의해 영향을 받을 수 있으며, 예를 들어 생산 계획, 공급망 문제, 시장 수요 변화 등이 있을 수 있습니다. 하지만 이러한 세부 사항은 제공된 정보에 포함되어 있지 않으므로, 정확한 이유를 제시하기는 어렵습니다.",Harman의 2025년(제57기) 3분기 가동률은 생산능력 대비 생산실적으로 산출하였으며 73.1%입니다.,18.28,0.875,0.0
Graph Hybrid,Risk Manager,"DX 부문이 2025년 3분기 동안 스마트폰 등 제품의 생산능력과 실제 생산량, 그리고 가동률이 어떻게 변화했는지에 대한 상세한 분석과 함께, 이러한 생산 실적이 잠재적인 비즈니스 리스크 또는 규제 문제에 어떤 영향을 미칠 수 있는지에 대해 설명해 주실 수 있나요?","DX 부문은 2025년 3분기 동안 스마트폰 및 기타 제품의 생산능력, 실제 생산량, 그리고 가동률에 대해 다음과 같은 실적을 기록했습니다.

1. **생산능력**: DX 부문의 총 생산능력은 51,795천대입니다. 이는 스마트폰, TV, 모니터 등 다양한 제품군을 포함한 수치입니다.

2. **실제 생산량**: 2025년 3분기 동안 스마트폰의 실제 생산량은 105,085천대에 달했습니다. TV와 모니터의 생산량은 20,479천대였습니다. 이러한 수치는 DX 부문이 설정한 생산능력에 비해 상당히 높은 수준입니다.

3. **가동률**: 2025년 3분기 DX 부문의 가동률은 스마트폰에서 79.7%, TV와 모니터에서 77.2%로 기록되었습니다. 이는 생산능력 대비 실제 생산량이 얼마나 효율적으로 운영되고 있는지를 나타내는 지표로, 가동률이 높다는 것은 생산 과정에서의 효율성이 높음을 의미합니다.

이러한 생산 실적은 여러 가지 비즈니스 리스크 및 규제 문제에 영향을 미칠 수 있습니다. 

- **비즈니스 리스크**: 높은 생산능력과 가동률은 수요 증가에 대한 긍정적인 신호로 해석될 수 있지만, 동시에 공급망의 불안정성이나 원자재 가격 상승과 같은 외부 요인에 의해 리스크가 증가할 수 있습니다. 예를 들어, 반도체 공급 부족이나 물류 문제는 생산에 직접적인 영향을 미칠 수 있습니다.

- **규제 문제**: 생산량이 급증함에 따라 환경 규제나 노동 관련 법규 준수에 대한 압박이 증가할 수 있습니다. 특히, 친환경 제품 생산을 위한 규제가 강화되고 있는 상황에서, DX 부문은 지속 가능한 생산 방식으로의 전환을 요구받을 수 있습니다. 또한, 글로벌 시장에서의 경쟁이 치열해짐에 따라 각국의 무역 규제나 관세 정책도 비즈니스 운영에 영향을 미칠 수 있습니다.

결론적으로, DX 부문의 생산 실적은 긍정적인 신호를 나타내지만, 외부 환경의 변화와 규제 준수에 대한 지속적인 모니터링이 필요합니다. 이러한 요소들은 향후 비즈니스 전략 수립에 중요한 고려사항이 될 것입니다.","제공된 자료에 따르면, DX 부문의 스마트폰 등 제품은 2025년 3분기 생산능력은 201,950대이며, 실제 생산량은 161,012대입니다. 가동률은 79.7%로 나타나며, 이는 생산능력 대비 실제 가동 시간이 상당히 높은 수준임을 보여줍니다. 이러한 생산 실적은 잠재적 비즈니스 리스크 또는 규제 문제와 관련하여, 생산 능력과 실적의 차이, 가동률의 변화가 시장 수요와 공급, 규제 준수 여부에 영향을 미칠 수 있음을 시사합니다. 특히, 생산능력 대비 낮은 실제 생산량은 공급망 문제 또는 규제 준수 문제를 야기할 가능성을 내포하고 있으며, 이는 사업의 안정성과 성장 전망에 영향을 미칠 수 있습니다.",40.73,0.9,0.8606247227134188
Graph Hybrid,Financial Analyst,생산설비 및 투자 현황이 삼성전자의 생산과 영업 활동에 어떤 영향을 미치고 있나요?,"삼성전자의 생산설비 및 투자 현황은 회사의 생산과 영업 활동에 매우 긍정적인 영향을 미치고 있습니다. 삼성전자는 반도체 및 전자제품 부문에서의 성과를 통해 글로벌 시장에서의 경쟁력을 강화하고 있으며, 이는 여러 가지 요소에 의해 뒷받침되고 있습니다.

첫째, 삼성전자는 2023년 3분기 동안 메모리 사업부의 가동률이 100%에 달하며 안정적인 성장을 이어가고 있습니다. 이는 생산설비의 효율적인 운영이 영업 활동에 긍정적인 영향을 미치고 있음을 나타냅니다. 또한, 신규 연결 자회사인 ㈜레인보우로보틱스와 RAINBOW ROBOTICS USA Co., Ltd.의 설립은 로봇 및 자동화 기술 분야에서의 확장을 통해 생산성을 높이고 있습니다.

둘째, 삼성전자는 2024년까지 267,463 백만원을 추가 투자할 계획으로, 이러한 투자는 생산능력 향상 및 영업 활동의 확대에 기여할 것으로 예상됩니다. 특히, 최신 반도체 기술인 1Tb 8세대 V낸드의 양산과 AI 기반의 프로비주얼 엔진을 탑재한 제품 출시가 예정되어 있어, 이는 사용자 경험을 향상시키고 영업 성과에 긍정적인 영향을 미칠 것입니다.

셋째, 삼성전자는 글로벌 제조 및 인프라 부서를 통해 메모리 제조기술센터와 Foundry 제조기술센터의 발전을 통해 반도체 시장에서의 경쟁력을 강화하고 있습니다. 이러한 생산설비의 발전은 최신 반도체 기술 개발에 집중하게 하여, 시장에서의 경쟁력을 높이는 데 기여하고 있습니다.

마지막으로, 삼성전자는 하만의 인수를 통해 오디오 및 커넥티드 서비스 부문에서의 입지를 강화하고 있으며, 이는 삼성전자의 생산 및 영업 활동에 긍정적인 영향을 미치고 있습니다. 하만의 다양한 브랜드를 통해 오디오 제품의 기술 개발과 제품 출시가 지속되고 있으며, 이는 매출 성장의 기회로 작용할 수 있습니다.

결론적으로, 삼성전자의 생산설비 및 투자 현황은 기술 혁신과 생산성 향상을 통해 영업 활동에 긍정적인 영향을 미치고 있으며, 글로벌 시장에서의 경쟁력을 지속적으로 강화하는 데 중요한 역할을 하고 있습니다. 그러나 환율 변동, 유동성 위험, 그리고 글로벌 시장의 경쟁 심화와 같은 리스크 요소도 존재하므로, 이에 대한 전략적 대응이 필요합니다.","삼성전자는 수원사업장을 비롯하여 구미, 광주, 화성, 평택, 아산 등 국내사업장과 북미, 유럽, 중국 등 해외 DX 부문 산하 9개 지역총괄과 DS 부문 산하 5개 지역총괄, SDC 및 Harman 산하 종속기업에서 주요 제품의 생산, 개발, 마케팅, 영업 등의 사업 활동을 수행하고 있습니다.",38.44,1.0,0.0
Graph Hybrid,Tech Investor,해외 (DX 부문 산하 9개 지역총괄)의 역할과 삼성전자의 성장 전략에서 어떤 중요성을 가지고 있나요?,"해외 (DX 부문 산하 9개 지역총괄)는 삼성전자의 글로벌 사업 확장과 R&D 투자에 있어 매우 중요한 역할을 하고 있습니다. 삼성전자는 유럽, 아시아, 중동 및 아프리카 지역에서 전자제품 판매 및 연구개발 활동을 강화하고 있으며, 이러한 지역에서의 판매 확대와 R&D 투자 강화를 통해 새로운 기회를 모색하고 있습니다. 특히, 각 지역의 정치적 및 경제적 불확실성에 대응하기 위해 전략적 대응이 필요하다는 점을 강조하고 있습니다.

이러한 해외 지역총괄은 삼성전자의 성장 전략에서 핵심적인 위치를 차지하며, 글로벌 시장에서의 경쟁력을 높이는 데 기여하고 있습니다. 삼성전자는 230개의 종속기업과 34개의 관계기업을 통해 글로벌 시장에서의 입지를 강화하고 있으며, 이는 DX 부문과도 밀접한 관련이 있습니다. 또한, 동남아시아, CIS, 미주 지역에서의 사업 확장은 삼성전자의 성장 전략에서 중요한 요소로 작용하고 있습니다.

지역금융센터를 통해 재무위험과 환율변동 위험을 모니터링하는 것은 글로벌 시장에서의 안정성을 높이는 기회로 작용할 수 있으며, 이는 해외 지역총괄의 역할을 더욱 부각시킵니다. 따라서, 해외 지역총괄은 삼성전자의 글로벌 성장 전략을 실현하는 데 필수적인 요소로 작용하고 있습니다.","해외 (DX 부문 산하 9개 지역총괄)는 북미, 유럽, 중국, 동남아 등 주요 지역을 담당하며, 삼성전자의 글로벌 시장 점유율 확대와 신제품 출시, R&D 투자에 중요한 역할을 하고 있습니다.",29.48,1.0,0.8565367509522387
Graph Hybrid,Tech Investor,"메모리라는 단어가 삼성전자의 DS 부문에서 어떤 역할을 하는지 모르겠는데, 이게 정확히 뭐야?","삼성전자의 DS(디바이스 솔루션) 부문에서 '메모리'는 매우 중요한 역할을 하고 있습니다. 이 부문은 주로 메모리 반도체 제품인 DRAM과 NAND Flash를 포함하며, 삼성전자의 전체 매출에서 약 40%를 차지하고 있습니다. 2023년 3분기 기준으로 메모리 제품의 매출은 전년 대비 15% 증가하여 20조 원에 달했습니다. 이는 메모리 솔루션 개발실이 차세대 DRAM 및 NAND Flash 기술 개발에 집중하고 있다는 것을 보여줍니다.

메모리는 삼성전자가 반도체 시장에서 경쟁력을 유지하고 점유율을 확대하기 위한 전략의 핵심 요소로 작용하고 있습니다. 특히, AI 및 클라우드 컴퓨팅의 성장으로 인해 메모리 수요는 지속적으로 증가할 것으로 예상되며, 이는 삼성전자가 새로운 기회를 창출할 수 있는 기반이 됩니다. 또한, 메모리 부문은 고성능 메모리 제품의 개발에 집중하고 있으며, HBM(High Bandwidth Memory)과 같은 혁신적인 기술을 통해 시장에서의 경쟁력을 강화하고 있습니다.

결론적으로, 삼성전자의 DS 부문에서 메모리는 기술 혁신과 매출 성장에 기여하는 핵심 요소로, 반도체 시장에서의 경쟁력을 높이는 데 중요한 역할을 하고 있습니다.","DS 부문의 메모리 사업은 24시간 3교대 작업을 실시하고 있으며, 2025년 3분기 가동일은 휴일을 포함하여 총 273일입니다. 가동률은 생산라인 별로 다르지만, 관련된 생산 실적과 가동률이 언급되어 있습니다.",31.2,0.9166666666666666,0.8401949712489755
Graph Hybrid,Financial Analyst,가동 가능시간이 뭐에요?,"가동 가능시간은 특정 시스템이나 기계가 정상적으로 작동할 수 있는 시간을 의미합니다. 이는 주기와 관련된 개념으로, 동작이나 활동이 반복적으로 이루어지는 주기적인 특성을 반영합니다. 즉, 가동 가능시간은 시스템이 효율적으로 운영될 수 있는 시간의 범위를 나타내며, 이 시간 동안 시스템이 중단 없이 작동할 수 있는지를 평가하는 데 중요한 지표입니다. 

따라서, 가동 가능시간은 시스템의 신뢰성과 효율성을 측정하는 데 필수적인 요소로, 주기적인 동작과 밀접한 관련이 있습니다.","가동 가능시간은 가동일에 생산라인 수와 24시간을 곱해서 산출한 시간으로, 실제 가동 시간과 비교하여 계산됩니다.",13.38,0.0,0.7820125810470464
Graph Hybrid,Risk Manager,가동률이 왜 중요한거야?,"가동률은 기업의 생산 효율성과 자원 활용도를 나타내는 중요한 지표로, 여러 이유로 그 중요성이 강조됩니다. 첫째, 가동률은 생산능력 대비 실제 생산 비율을 나타내며, 이는 기업이 얼마나 효과적으로 자원을 활용하고 있는지를 보여줍니다. 예를 들어, 삼성전자의 메모리 사업부의 가동률이 100%에 달하는 경우, 이는 생산 능력이 최대한 활용되고 있음을 의미하며, 안정적인 매출 성장에 기여합니다.

둘째, 높은 가동률은 기업이 시장 수요에 신속하게 대응할 수 있는 능력을 나타냅니다. 이는 경쟁력을 강화하는 데 중요한 요소로 작용하며, 기업이 변화하는 시장 환경에 적절히 대응할 수 있도록 합니다. 예를 들어, Harman의 2025년 1분기 가동률이 74.5%로 기록되었고, 2025년 반기에는 TV와 모니터의 가동률이 77.8%, 스마트폰이 78.6%로 나타났습니다. 이러한 수치는 기업이 생산 계획을 얼마나 잘 수행하고 있는지를 보여줍니다.

셋째, 가동률은 기업의 재무 성과와도 밀접한 관련이 있습니다. 높은 가동률은 생산 비용을 절감하고, 이익률을 높이는 데 기여할 수 있습니다. 예를 들어, 2024년 DX 부문의 TV 가동률이 79.8%, 스마트폰이 72.8%로 기록된 것은 해당 부문이 효율적으로 운영되고 있음을 나타냅니다.

결론적으로, 가동률은 기업의 생산성과 효율성을 평가하는 중요한 지표로, 이는 기업의 경쟁력, 시장 대응 능력, 그리고 재무 성과에 직접적인 영향을 미칩니다.","가동률은 생산라인 별 가동 가능시간 대비 실제 가동 시간으로 산출하며, DS 부문의 메모리와 SDC의 디스플레이 패널 사업은 각각 100.0%의 가동률을 기록하였고, Harman의 디지털 콕핏은 73.1%입니다. 이는 생산능력 대비 실제 생산 실적을 보여주는 지표로, 잠재적 비즈니스 리스크와 규제 문제를 평가하는 데 중요한 역할을 합니다.",22.27,0.7142857142857143,0.8594249111992092
Graph Hybrid,Risk Manager,가동률 및 생산실적이 왜 중요한가요?,"가동률과 생산실적은 기업의 운영 효율성과 수익성을 나타내는 중요한 지표로, 여러 측면에서 기업의 경쟁력과 재무 성과에 직접적인 영향을 미칩니다.

첫째, 가동률은 생산능력 대비 실제 생산 비율을 나타내며, 이는 기업이 얼마나 효율적으로 자원을 활용하고 있는지를 보여줍니다. 예를 들어, 삼성전자의 메모리 사업부에서 가동률이 100%에 달하는 경우, 이는 생산 능력이 최대한 활용되고 있음을 의미하며, 안정적인 매출 성장으로 이어질 수 있습니다. 높은 가동률은 생산 비용 절감과 함께 제품 공급의 안정성을 높여 시장에서의 경쟁력을 강화하는 데 기여합니다.

둘째, 생산실적은 실제로 생산된 제품의 총량을 나타내며, 이는 기업의 시장 점유율과 매출에 직접적인 영향을 미칩니다. 예를 들어, 2025년 3분기 동안 DX 부문에서 32,843천대의 TV와 모니터가 생산된 것은 해당 부문의 성장을 나타내며, 이는 기업의 재무 성과에 긍정적인 영향을 미칠 수 있습니다. 또한, 높은 생산실적은 기업이 시장의 수요에 효과적으로 대응하고 있다는 것을 의미합니다.

셋째, 가동률과 생산실적은 기업의 미래 성장 가능성을 평가하는 데 중요한 요소로 작용합니다. 높은 가동률과 생산실적은 기업이 경쟁 심화 속에서도 지속 가능한 성장을 이룰 수 있는 기반이 됩니다. 예를 들어, 세메스㈜가 91.5%의 생산 비율을 기록함으로써 시장에서의 경쟁력을 강화하고 있는 사례는 이러한 점을 잘 보여줍니다.

결론적으로, 가동률과 생산실적은 기업의 운영 효율성을 높이고, 비용 절감 및 수익성 향상에 기여하며, 궁극적으로 기업의 재무 성과와 지속 가능한 성장 가능성을 평가하는 데 필수적인 요소입니다.","가동률 및 생산실적은 생산능력 대비 실제 생산량을 보여주며, DX 부문의 TV, 모니터 등은 77.2%, 스마트폰 등은 79.7%의 가동률을 기록하고 있습니다. 이는 생산라인의 효율성과 잠재적 리스크를 평가하는 데 중요한 지표입니다.",27.0,1.0,0.8243237882455192
Graph Hybrid,Tech Investor,"삼성전자의 DS 부문과 SDC, Harman의 생산설비 및 투자 현황이 향후 시장 점유율과 신제품 출시 전략에 어떤 영향을 미칠 것으로 예상하십니까?","삼성전자의 DS(Device Solutions) 부문, SDC(Samsung Display Corporation), 그리고 Harman의 생산설비 및 투자 현황은 향후 시장 점유율과 신제품 출시 전략에 중요한 영향을 미칠 것으로 예상됩니다.

먼저, DS 부문은 반도체 및 FPD(Flat Panel Display) 장비 서비스 제공을 통해 기술적 우위를 강화하고 있으며, 2025년 반기 매출이 53조 61억원에 달할 것으로 보입니다. 특히, HBM3E D램과 같은 고성능 메모리 제품의 개발은 시장 경쟁력을 더욱 높일 것으로 기대됩니다. 이러한 기술적 우위는 향후 시장 점유율에 긍정적인 영향을 미칠 것입니다.

SDC는 스마트폰용 OLED 패널과 같은 디스플레이 제품을 생산하고 있으며, AI 기술과 고성능 메모리 제품의 수요 증가가 기회로 작용할 것으로 보입니다. SDC의 생산설비와 투자 현황은 신제품 출시 전략에 중요한 역할을 할 것입니다. SDC는 2025년 반기 디스플레이 패널 생산실적이 887천개에 이를 것으로 예상되며, 이는 시장 점유율 확대에 기여할 것입니다.

Harman은 커넥티드카 및 오디오 솔루션을 제공하는 기업으로, DS 부문과 협력하여 차량 IT 기기화를 추진하고 있습니다. Harman의 디지털 콕핏과 카오디오 부문에서의 매출은 각각 142,749억원에 달하며, 이는 삼성전자의 전장부품 사업에 긍정적인 영향을 미칠 것입니다. 또한, Harman은 AI 기술을 접목하여 새로운 제품을 출시할 계획이므로, 이는 시장에서의 경쟁력을 더욱 강화할 것입니다.

그러나, 글로벌 전자 시장의 경쟁이 치열해짐에 따라 신기술 및 신물질 관련 특허권 확보가 새로운 시장 기회를 창출하는 데 기여할 수 있습니다. 반면, 원자재 가격 상승 및 공급망 불안정성은 리스크로 작용할 수 있습니다. 이러한 요소들은 삼성전자의 시장 점유율과 신제품 출시 전략에 긍정적 또는 부정적인 영향을 미칠 수 있습니다.

결론적으로, 삼성전자의 DS 부문, SDC, Harman의 생산설비 및 투자 현황은 향후 시장 점유율과 신제품 출시 전략에 긍정적인 영향을 미칠 것으로 예상되지만, 외부 환경의 변화에 따라 리스크 관리가 필요할 것입니다.","DS 부문의 메모리 사업과 SDC의 디스플레이 패널 사업은 24시간 3교대 작업을 실시하며, 2025년 제57기 3분기 가동률은 각각 100.0%로 나타나고 있습니다. Harman의 디지털 콕핏 생산능력은 6,146천개이며, 73.1%의 가동률을 기록하고 있습니다. 또한, 삼성전자는 수원, 구미, 광주, 화성, 평택, 아산 등 국내외 여러 사업장에서 주요 제품의 생산, 개발, 마케팅, 영업 활동을 수행하고 있으며, 이러한 생산설비와 투자 현황은 시장 점유율 확대와 신제품 출시 전략에 중요한 역할을 할 것으로 기대됩니다.",32.79,1.0,0.0
Graph Hybrid,Financial Analyst,해외 (DX 부문 산하 9개 지역총괄)의 역할과 중요성은 무엇입니까?,"해외 시장에서 DX 부문 산하 9개 지역총괄의 역할과 중요성은 여러 측면에서 강조될 수 있습니다. DX 부문은 삼성전자의 TV, 가전, 모바일 제품 사업을 포함하며, 이 부문은 해외 판매법인을 통해 글로벌 시장에서의 활동을 강화하고 있습니다. 

첫째, 지역총괄은 각 지역의 시장 특성과 소비자 요구를 반영하여 제품 전략을 수립하는 데 중요한 역할을 합니다. 이를 통해 삼성전자는 지역별 맞춤형 마케팅과 판매 전략을 통해 경쟁력을 유지하고 있습니다. 

둘째, DX 부문은 2006년부터 2024년까지 19년 연속으로 TV 판매 1위를 기록하는 등, 해외 시장에서의 성과가 두드러집니다. 이는 지역총괄이 각 시장의 트렌드와 기술 발전을 신속하게 반영하여 제품을 개선하고, 소비자에게 적합한 솔루션을 제공하는 데 기여했음을 보여줍니다.

셋째, DX 부문은 2023년 3분기 기준으로 2,606,993억 원의 총자산을 보유하고 있으며, 2025년 반기에는 95조 2,874억 원의 매출을 기록할 것으로 예상됩니다. 이러한 성과는 지역총괄이 해외 시장에서의 매출 증대에 기여하고 있음을 나타냅니다.

마지막으로, 경영위원회가 DX 부문에 자원을 배분하기로 결정함에 따라, 지역총괄은 자원의 효율적인 배분과 운영을 통해 글로벌 시장에서의 경쟁력을 더욱 강화할 수 있는 기회를 갖게 됩니다.

결론적으로, DX 부문 산하 9개 지역총괄은 삼성전자가 해외 시장에서 성공적으로 자리 잡고 성장하는 데 필수적인 역할을 하며, 지역별 전략적 접근을 통해 글로벌 경쟁력을 높이는 데 기여하고 있습니다.","해외 (DX 부문 산하 9개 지역총괄)는 북미, 유럽, 중국, 동남아 등 4개 지역을 포함하며, 각각의 지역총괄은 해당 지역의 사업 운영과 전략을 담당하여 글로벌 시장에서의 삼성전자의 경쟁력을 강화하는 역할을 합니다.",26.13,0.35714285714285715,0.893991541033364
Graph Hybrid,Financial Analyst,디스플레이 패널이 뭐야 왜 중요한 거야 삼성전자에서?,"디스플레이 패널은 전자 기기에서 화면을 구성하는 핵심 부품으로, TV, 스마트폰, 컴퓨터 모니터 등 다양한 전자 제품에 사용됩니다. 이 패널은 고화질 영상을 제공하고 사용자 경험을 향상시키는 데 중요한 역할을 합니다. 삼성전자는 디스플레이 패널 분야에서 경쟁력을 강화하기 위해 다양한 기술 개발과 생산을 진행하고 있으며, 특히 삼성디스플레이㈜를 통해 이 사업을 영위하고 있습니다.

삼성전자가 디스플레이 패널에 집중하는 이유는 여러 가지입니다. 첫째, 디스플레이 패널의 품질과 기술력은 소비자 전자제품의 경쟁력을 결정짓는 중요한 요소입니다. 삼성전자는 이를 통해 글로벌 시장에서의 판매 확대와 R&D 투자 강화를 모색하고 있습니다. 예를 들어, 삼성전자는 스마트폰용 OLED 디스플레이 시장에서 2025년 3분기 점유율 51.8%를 예상하고 있으며, 이는 디스플레이 기술에서의 경쟁력을 나타냅니다.

둘째, 디스플레이 패널은 삼성전자의 제품 라인업에서 중요한 역할을 하며, 특히 Galaxy Book 시리즈와 같은 고성능 노트북에 적용된 Dynamic AMOLED 2X 디스플레이 기술은 사용자 경험을 크게 향상시키고 있습니다. 이러한 고해상도 디스플레이는 시장에서의 성공에 중요한 요소로 작용합니다.

마지막으로, 삼성전자는 디스플레이 패널 개발을 위해 eMagin Corporation에 100% 투자하여 기술적 우위를 강화하고 있으며, 이는 글로벌 전자 시장에서의 경쟁력을 높이는 데 기여하고 있습니다. 따라서 디스플레이 패널은 삼성전자에게 매우 중요한 기술 분야로 여겨지며, 회사의 매출과 제품 경쟁력에 중대한 영향을 미칩니다.","디스플레이 패널은 SDC 부문에서 생산하는 주요 제품으로, 1,361천대에서 1,759천대까지 생산되었으며, 가동률은 77.2%에서 79.7%입니다. 생산실적은 주요 제품의 연결 기준으로 산출되며, 디스플레이 패널은 삼성전자의 중요한 사업 분야입니다.",25.02,0.95,0.8491091099422122
Graph Hybrid,Risk Manager,제57기 3분기 DX 부문의 매출 또는 생산량 변화는 무엇인가요?,"제57기 3분기 DX 부문의 매출 및 생산량에 대한 정보는 다음과 같습니다. 

2023년 3분기 DX 부문은 총 2,606,993억 원의 자산을 보유하고 있으며, 매출액은 29,216,447백만원을 기록했습니다. 또한, 2025년 반기 기준으로 DX 부문은 TV와 모니터를 20,479천 대 생산하였고, 스마트폰은 105,085천 대 생산한 것으로 나타났습니다. 

하지만, 제57기 3분기와 관련된 구체적인 생산량 변화에 대한 정보는 제공되지 않았습니다. 따라서, 매출 및 생산량의 변화에 대한 보다 구체적인 수치는 지식 그래프 내에 관련 정보가 부족하여 답변할 수 없습니다. 

결론적으로, 제57기 3분기 DX 부문의 매출은 29,216,447백만원이며, 생산량에 대한 구체적인 변화는 확인할 수 없습니다.","제57기 3분기 DX 부문은 TV, 모니터 등에서 32,843의 매출 또는 생산량을 기록하였으며, 이는 이전 기수인 제56기(41,354)와 제55기(40,085)와 비교할 때 변화가 있습니다.",22.55,0.7777777777777778,0.0
Graph Hybrid,Tech Investor,SDC의 디스플레이 패널 사업 가동률 왜 낮아?,"SDC(삼성디스플레이)의 디스플레이 패널 사업 가동률이 낮은 이유는 여러 요인에 기인할 수 있습니다. 2025년 반기 기준으로 TV와 모니터의 가동률은 77.8%, 스마트폰의 가동률은 78.6%로 기록되었습니다. 이러한 수치는 SDC의 생산능력 대비 실제 생산 비율을 나타내며, 가동률이 낮다는 것은 생산능력을 충분히 활용하지 못하고 있다는 것을 의미합니다.

가동률이 낮아지는 원인으로는 다음과 같은 요소들이 있을 수 있습니다:

1. **수요 감소**: 시장에서의 수요가 예상보다 낮을 경우, 생산량을 줄이게 되어 가동률이 떨어질 수 있습니다. 특히, 스마트폰과 같은 IT 기기의 수요 변화가 큰 영향을 미칠 수 있습니다.

2. **생산 계획 조정**: SDC가 새로운 기술이나 제품을 개발하기 위해 생산 라인을 조정하거나 일시적으로 가동을 중단할 경우, 가동률이 낮아질 수 있습니다. 예를 들어, OLED 패널이나 폴더블 디스플레이와 같은 혁신적인 제품에 집중하기 위해 기존 제품의 생산을 줄일 수 있습니다.

3. **경쟁 심화**: 경쟁업체의 증가로 인해 가격 경쟁이 심화되면, SDC가 생산량을 조절하여 수익성을 유지하려 할 수 있습니다. 이로 인해 가동률이 낮아질 수 있습니다.

4. **시설 투자 및 유지보수**: SDC가 시설 투자나 유지보수를 위해 생산을 일시적으로 중단하는 경우도 가동률에 영향을 미칠 수 있습니다.

결론적으로, SDC의 디스플레이 패널 사업 가동률이 낮은 이유는 시장 수요, 생산 계획, 경쟁 환경, 시설 관리 등 다양한 요인에 의해 영향을 받고 있습니다. 이러한 요소들은 복합적으로 작용하여 가동률에 변동을 초래할 수 있습니다.","제공된 자료에 따르면, SDC의 디스플레이 패널 사업은 2025년 제57기 3분기 가동률이 100.0%로 나타나 있습니다. 따라서, 가동률이 낮다는 언급은 없으며, 실제 가동 시간과 가동 가능 시간이 일치하여 높은 가동률을 유지하고 있음을 알 수 있습니다.",24.77,0.9444444444444444,0.0
Graph Hybrid,Risk Manager,DX 부문이 2025년 3분기 가동률이 낮은 이유는 뭐야? 생산능력 대비 실제 생산량이 적어서 그런 거야?,"DX 부문의 2025년 3분기 가동률이 낮은 이유에 대한 구체적인 정보는 제공된 중간 그래프 답변들에 포함되어 있지 않습니다. 따라서, 가동률 저하의 원인에 대한 명확한 설명이나 분석을 제공할 수 없습니다. 

그러나 일반적으로 가동률이 낮은 경우는 생산능력 대비 실제 생산량이 적기 때문일 수 있으며, 이는 수요 감소, 생산 공정의 문제, 원자재 공급 부족 등 다양한 요인에 의해 발생할 수 있습니다. 하지만 이러한 구체적인 요인들은 현재의 정보로는 확인할 수 없습니다. 

결론적으로, DX 부문의 2025년 3분기 가동률 저하의 원인에 대한 정보가 부족하여 정확한 답변을 드릴 수 없습니다.","제공된 자료에 따르면, DX 부문의 2025년 3분기 가동률은 TV, 모니터 등이 77.2%, 스마트폰 등이 79.7%로 나타나 있으며, 이는 생산능력 대비 실제 생산량이 적기 때문에 낮은 가동률을 보이고 있습니다. 특히, TV, 모니터 등은 42,522대의 생산능력에 대해 32,843대만 생산되어 가동률이 77.2%이고, 스마트폰은 201,950대의 생산능력에 대해 161,012대만 생산되어 79.7%입니다. 이러한 낮은 가동률은 생산능력 활용도가 낮거나 공급망 문제, 생산 효율성 문제 등 잠재적 리스크와 관련이 있을 수 있습니다.",23.09,0.6666666666666666,0.0
Graph Hybrid,Tech Investor,생산설비 및 투자 현황 등이 왜 중요한거야?,"생산설비 및 투자 현황은 기업의 성장과 경쟁력에 직접적인 영향을 미치는 중요한 요소입니다. 특히 삼성전자의 경우, 이러한 요소들은 기술 혁신과 시장 점유율 확대를 위한 기회를 제공하며, 기업의 재무적 안정성을 높이는 데 기여합니다.

첫째, 생산설비는 기업이 제품을 효율적으로 생산하고 시장의 수요에 신속하게 대응할 수 있도록 합니다. 삼성전자는 메모리 사업부의 가동률이 100%에 달하며, 이는 안정적인 성장을 이어가는 데 중요한 역할을 하고 있습니다. 또한, 신규 연결 자회사를 통해 로봇 및 자동화 기술 분야로의 확장은 미래 성장 산업을 선도할 기회를 제공합니다.

둘째, 투자 현황은 기업의 연구개발(R&D) 및 생산 능력을 강화하는 데 필수적입니다. 삼성전자는 2023년 3분기에 5조 원을 투자하였으며, 2024년에는 27조 원의 R&D 투자를 계획하고 있습니다. 이러한 투자는 차세대 DRAM 및 NAND Flash 기술 개발에 집중하는 데 필요한 자원을 확보하는 데 중요한 역할을 합니다.

셋째, 글로벌 시장에서의 경쟁력을 유지하기 위해서는 지속적인 투자와 생산설비의 최적화가 필요합니다. 삼성전자는 동남아시아, CIS, 미주 지역에서의 사업 확장을 통해 경쟁력을 강화하고 있으며, 이는 매출 증가에 직접적으로 기여하고 있습니다. 예를 들어, 삼성 베트남 법인은 2024년에 7,819,080의 매출을 기록할 것으로 예상됩니다.

마지막으로, 정치적 및 경제적 불확실성이 리스크로 작용할 수 있기 때문에, 생산설비와 투자 현황을 지속적으로 관리하고 최적화하는 것이 중요합니다. 이러한 요소들은 기업이 시장에서의 위치를 유지하고, 재무적 리스크를 관리하는 데 중요한 역할을 합니다.

결론적으로, 생산설비 및 투자 현황은 기업의 전략적 목표 달성과 지속 가능한 성장에 필수적인 요소로 작용하며, 삼성전자는 이를 통해 글로벌 시장에서의 경쟁력을 강화하고 있습니다.","생산설비 및 투자 현황 등은 생산과 영업에 중요한 시설 및 설비 등을 포함하며, 이는 주요 제품의 생산, 개발, 마케팅, 영업 활동에 영향을 미치기 때문에 중요합니다.",31.72,1.0,0.8874054129229004
Graph Hybrid,Tech Investor,"국내의 DX 부문, DS 부문, SDC 산하 12개 사업장은 어디에 위치해 있나요?","제공된 정보에는 국내의 DX 부문, DS 부문, SDC 산하 12개 사업장의 구체적인 위치에 대한 내용이 포함되어 있지 않습니다. 따라서, 해당 사업장들의 위치에 대한 정확한 정보를 제공할 수 없습니다. 지식 그래프 내에 관련 정보가 부족하여 답변할 수 없습니다.","국내에는 DX 부문, DS 부문, SDC 산하 12개 사업장이 있으며, 각각 수원사업장(경기도 수원시 영통구 삼성로 129), 서초사업장(서울특별시 서초구 서초대로74길 11), 우면사업장(서울특별시 서초구 성촌길 33), 기흥사업장(경기도 용인시 기흥구 삼성로 1), 화성사업장(경기도 화성시 삼성전자로 1), 평택사업장(경기도 평택시 삼성로 114), 천안사업장(충청남도 천안시 서북구 번영로 465), 온양사업장(충청남도 아산시 배방읍 배방로 158), 아산사업장(충청남도 아산시 탕정면 삼성로 181), 구미1사업장(경상북도 구미시 1공단로 244), 구미2사업장(경상북도 구미시 3공단3로 302), 광주사업장(광주광역시 광산구 하남산단6번로 107)에 위치해 있습니다.",19.6,1.0,0.0
Graph Hybrid,Financial Analyst,"DS 부문이란 무엇이고, 이 부문의 메모리 사업과 디스플레이 패널 사업의 생산 실적은 어떻게 되나요?","DS 부문은 삼성전자의 반도체 사업 부문으로, 메모리 반도체 및 System LSI 사업을 포함하고 있습니다. 이 부문은 DRAM과 NAND Flash 제품을 생산하며, 2025년 반기에는 53조 61억원의 매출을 기록했습니다. 또한, 2024년에는 2,238,240,405개의 메모리를 생산할 계획이며, 2025년 반기에는 1,019,234백만 개의 메모리를 생산한 실적이 있습니다. DS 부문은 2023년 3분기에 3,405,043억 원의 총자산을 보유하고 있으며, 영업이익은 15,094,486천 원에 달합니다.

한편, 디스플레이 패널 사업은 삼성디스플레이가 주도하고 있으며, 2023년에는 291,578억 원의 매출을 기록했습니다. 이 사업은 TV 및 모니터용 화면을 제조하며, 2023년 3분기에는 가동률이 100%에 이르는 안정적인 생산 실적을 보였습니다. 디스플레이 패널 사업은 OLED 패널과 QD-Display와 같은 혁신적인 기술을 통해 경쟁력을 강화하고 있습니다.

종합적으로, DS 부문은 메모리 및 디스플레이 패널 사업에서 모두 강력한 성과를 내고 있으며, 앞으로도 지속적인 성장이 기대됩니다.","DS 부문은 메모리 사업과 SDC의 디스플레이 패널 사업을 포함하며, 두 사업은 24시간 3교대 작업을 실시하고 있습니다. 2025년(제57기) 3분기 가동일은 휴일을 포함하여 총 273일이며, 생산능력 대비 실제 생산 대수와 가동률은 각각 메모리 사업의 경우 201,950대의 생산능력에 161,012대의 실제 생산과 79.7%의 가동률, 디스플레이 패널 사업의 경우 42,522대의 생산능력에 32,843대의 실제 생산과 77.2%의 가동률입니다.",26.24,0.8,0.8508949917512542
Graph Hybrid,Financial Analyst,가동 가능시간이 뭐야 왜 중요해?,"가동 가능시간은 특정 시스템이나 기계가 정상적으로 작동할 수 있는 시간을 의미합니다. 이는 주로 산업 및 기술 분야에서 사용되며, 기계의 효율성과 생산성을 평가하는 중요한 지표로 작용합니다. 가동 가능시간이 높을수록 해당 시스템이 더 많은 작업을 수행할 수 있으며, 이는 기업의 수익성에 직접적인 영향을 미칩니다.

가동 가능시간의 중요성은 여러 가지 측면에서 나타납니다. 첫째, 생산성 향상입니다. 기계가 가동 가능한 시간이 길어질수록 생산량이 증가하고, 이는 기업의 경쟁력을 높이는 데 기여합니다. 둘째, 유지보수 비용 절감입니다. 가동 가능시간을 최대화하기 위해서는 정기적인 점검과 유지보수가 필요하지만, 이를 통해 예기치 않은 고장을 줄이고 장기적으로 비용을 절감할 수 있습니다. 셋째, 고객 만족도 향상입니다. 제품이나 서비스의 제공이 원활하게 이루어질수록 고객의 신뢰를 얻고, 재구매율을 높일 수 있습니다.

결론적으로, 가동 가능시간은 기업의 운영 효율성을 높이고, 비용을 절감하며, 고객 만족도를 향상시키는 데 중요한 역할을 합니다. 따라서 기업들은 가동 가능시간을 최적화하기 위해 다양한 전략을 모색해야 합니다.","가동 가능시간은 가동일에 생산라인 수와 24시간을 곱해서 산출한 시간으로, 실제 가동 시간과 관련이 있습니다. 이는 생산 효율성과 재무 안정성을 평가하는 데 중요합니다.",18.46,0.95,0.8386443582397506
Graph Hybrid,Financial Analyst,"이 DS 부문의 메모리 사업이 100% 가동률을 기록했는데, 이게 왜 중요한지 모르겠어요? 이게 회사 재무에 어떤 영향이 있나요?","DS 부문의 메모리 사업이 100% 가동률을 기록하는 것은 여러 가지 이유로 매우 중요합니다. 첫째, 100% 가동률은 생산 능력이 최대한 활용되고 있다는 것을 의미합니다. 이는 제품 공급이 원활하게 이루어질 수 있음을 나타내며, 고객의 수요에 신속하게 대응할 수 있는 기반이 됩니다. 특히, 메모리 제품은 서버 및 모바일 기기에서 필수적인 요소로, 이러한 가동률은 시장에서의 경쟁력을 강화하는 데 기여합니다.

둘째, 높은 가동률은 매출 증가에 직접적인 영향을 미칠 수 있습니다. 예를 들어, 2023년 3분기 동안 DS 부문의 메모리 사업에서 매출이 20조 원을 초과한 것으로 나타났습니다. 이는 전년 대비 15% 증가한 수치로, 가동률이 높을수록 생산성이 극대화되어 매출이 증가할 가능성이 높아집니다. 또한, 가동률이 높을수록 생산 비용이 절감되고, 이는 영업이익을 증가시키는 데 기여할 수 있습니다.

셋째, 100% 가동률은 회사의 재무 성과에 긍정적인 영향을 미칩니다. 높은 가동률은 생산 효율성을 극대화하고, 원가 절감 및 수익성 향상으로 이어질 수 있습니다. 이는 삼성전자가 반도체 시장에서의 경쟁력을 유지하거나 확대하는 데 중요한 요소로 작용합니다. 따라서, DS 부문의 메모리 사업의 100% 가동률은 회사의 재무 안정성과 성장 가능성을 높이는 중요한 지표로 평가됩니다.

결론적으로, DS 부문의 메모리 사업이 100% 가동률을 기록하는 것은 생산성과 매출 증가, 그리고 회사의 전반적인 재무 성과에 긍정적인 영향을 미치는 중요한 요소입니다. 이러한 가동률은 삼성전자가 시장에서의 경쟁력을 강화하고, 지속 가능한 성장을 이루는 데 기여할 것입니다.","DS 부문의 메모리 사업은 가동률이 100.0%로 나타나며, 이는 가동 가능 시간 대비 실제 가동 시간이 모두 활용되었음을 의미합니다. 이러한 높은 가동률은 생산 효율성을 보여주며, 회사의 재무 안정성과 매출 증대에 긍정적인 영향을 미칠 수 있습니다.",38.62,0.9473684210526315,0.8913225689916905
Graph Hybrid,Financial Analyst,삼성전자의 DX 부문은 어떤 제품군에서 주로 어떤 실적을 보이고 있나요?,"삼성전자의 DX(Device eXperience) 부문은 주로 스마트폰, TV, 가전제품 등 다양한 전자 제품에서 실적을 보이고 있습니다. 2023년 DX 부문은 174,887,683천 원의 매출을 기록하였으며, 2025년 반기 매출은 95조 2,874억원에 이를 것으로 예상되고 있습니다. 특히, 스마트폰 시장에서는 12.3억 대의 성장이 예상되며, TV 시장에서는 28.9%의 점유율을 기록할 것으로 전망됩니다.

DX 부문은 고급 TV 라인업인 Neo QLED 8K와 OLED TV에서 특히 두드러진 성과를 보이고 있으며, Neo QLED 8K는 8K AI Upscaling Pro 기술을 적용하여 화질을 개선하고 있습니다. 또한, 삼성 사운드바는 11년 연속 글로벌 판매 1위를 기록하며, 사용자 경험을 극대화하는 데 기여하고 있습니다.

가전제품 부문에서는 AI Energy Mode를 적용한 냉장고와 세탁기에서 실적을 보이고 있으며, 2023년 3분기 유럽에서 33,905,849 백만원의 순매출을 기록했습니다. 2024년에는 24kg 용량의 그랑데 AI 세탁기를 출시할 예정입니다.

스마트워치와 오디오 기기에서도 성과를 내고 있으며, Galaxy Watch 시리즈는 고도화된 건강 관리 기능과 방수 기능을 갖추고 있습니다. Galaxy Buds3 Pro는 프리미엄 오디오 경험을 제공하는 제품으로, 시장에서의 경쟁력을 강화하고 있습니다.

이 외에도 B2B 및 디지털 사이니지 시장에서도 성과를 보이고 있으며, AI 4K OLED 스마트 모니터와 같은 혁신 제품들이 출시될 예정입니다. 이러한 다양한 제품군을 통해 삼성전자의 DX 부문은 시장에서의 경쟁력을 지속적으로 강화하고 있습니다.","삼성전자의 DX 부문은 TV, 모니터 등과 스마트폰 등에서 각각 32,843대와 161,012대의 생산실적을 기록했으며, 가동률은 각각 77.2%와 79.7%입니다.",26.87,1.0,0.863687400341924
Graph Hybrid,Tech Investor,"삼성전자의 DS 부문과 SDC, Harman의 생산설비 및 투자 현황이 시장 점유율과 신제품 출시, R&D 투자에 어떤 영향을 미치고 있는지 구체적으로 설명해 주실 수 있습니까?","삼성전자의 DS 부문, SDC, 그리고 Harman은 각각의 특성과 전략을 통해 시장 점유율, 신제품 출시, 그리고 R&D 투자에 중요한 영향을 미치고 있습니다.

**1. DS 부문**: 삼성전자의 DS 부문은 메모리 반도체 및 System LSI 사업을 포함하며, 2023년 3분기에는 20조 원을 초과하는 매출을 기록할 것으로 예상됩니다. 이 부문은 효율적인 운영을 통해 원가 절감 및 공급망 최적화를 목표로 하고 있으며, 이는 매출 증대에 기여하고 있습니다. 특히, DRAM과 NAND Flash 제품의 생산량 증가가 매출 상승에 중요한 역할을 하고 있습니다. 그러나 반도체 시장의 경쟁이 치열해짐에 따라 원자재 가격 상승 및 공급망 불안정성이 리스크로 작용할 수 있습니다. 이러한 요소들은 삼성전자의 시장 점유율과 신제품 출시 전략에 직접적인 영향을 미치고 있습니다.

**2. SDC (Samsung Display Company)**: SDC는 중소형 디스플레이 패널 사업을 운영하며, 스마트폰용 OLED 패널과 폴더블 디스플레이 제품을 생산하고 있습니다. SDC는 2025년 반기 동안 12조 2,469억 원의 매출을 기록할 것으로 예상되며, 이는 시장 점유율 확대에 기여하고 있습니다. SDC는 퀀텀닷 기술을 활용한 프리미엄 제품을 특화하고 있으며, 이러한 혁신적인 기술은 신제품 출시와 소비자 선호도에 긍정적인 영향을 미치고 있습니다.

**3. Harman**: Harman은 커넥티드카 및 오디오 솔루션을 제공하는 기업으로, 삼성전자의 종속기업입니다. Harman은 디지털 콕핏 및 카오디오 제품에서 각각 142,749억 원의 매출을 기록하며, 차량 IT 기기화 추진을 통해 DS 부문과 협력하고 있습니다. 이러한 협력은 신제품 출시와 시장 점유율 확대에 기여하고 있으며, 특히 자동차 산업의 디지털화가 진행됨에 따라 Harman의 제품 수요가 증가할 것으로 예상됩니다.

**R&D 투자**: 삼성전자는 2025년 1분기에 9조 원의 R&D 투자를 기록할 계획입니다. 이러한 대규모 투자는 새로운 기술 개발과 제품 혁신을 촉진하여 시장 경쟁력을 높이는 데 중요한 역할을 합니다. R&D 투자 증가는 DS 부문과 SDC의 기술 발전을 지원하며, 이는 신제품 출시와 시장 점유율 확대에 긍정적인 영향을 미칠 것입니다.

결론적으로, 삼성전자의 DS 부문, SDC, 그리고 Harman은 각각의 전략적 투자와 혁신을 통해 시장 점유율을 확대하고 있으며, R&D 투자는 이러한 모든 활동의 기반이 되어 신제품 출시와 경쟁력 강화를 지원하고 있습니다. 그러나 반도체 시장의 경쟁 심화와 원자재 가격 상승 등의 리스크 요소는 지속적으로 관리해야 할 과제로 남아 있습니다.","DS 부문의 메모리 사업과 SDC의 디스플레이 패널 사업은 24시간 3교대 작업을 실시하고 있으며, 2025년 3분기 가동률은 각각 100.0%로 나타납니다. Harman의 2025년 3분기 가동률은 73.1%입니다. 또한, 삼성전자는 수원, 구미, 광주, 화성, 평택, 아산 등 국내외 여러 사업장에서 주요 제품의 생산, 개발, 마케팅, 영업 활동을 수행하고 있으며, 이러한 생산설비와 투자 현황은 시장 점유율 확대와 신제품 출시, R&D 투자에 중요한 역할을 하고 있습니다.",44.15,0.9666666666666667,0.9265474023973264
Graph Hybrid,Tech Investor,해외 (DX 부문 산하 9개 지역총괄)의 역할과 성장 잠재력은 무엇입니까?,"해외 시장에서 DX 부문 산하 9개 지역총괄의 역할은 매우 중요합니다. 이들은 삼성전자의 DX 부문이 운영하는 TV, 가전, 모바일 제품 사업의 글로벌 확장을 지원하며, 각 지역의 시장 특성과 소비자 요구에 맞춘 전략을 수립하고 실행하는 역할을 맡고 있습니다. 이러한 지역총괄은 판매법인과 밀접하게 연계되어 있으며, 해외 시장에서의 판매 및 마케팅 활동을 통해 삼성전자의 브랜드 가치를 높이고 매출을 증대시키는 데 기여합니다.

성장 잠재력 측면에서, DX 부문은 지속적으로 혁신적인 제품을 출시하고 있으며, 특히 친환경 및 고효율 기술을 통해 제품 성능을 강화하고 있습니다. 2023년에는 DX 부문에서 174,887,683천 원의 매출을 기록했으며, 이는 향후 해외 시장에서의 성장을 위한 기반이 될 것입니다. 또한, 2025년 반기에는 TV와 모니터에서 20,479천 대, 스마트폰에서 105,085천 대의 생산 실적을 목표로 하고 있어, 이러한 생산 능력은 해외 시장에서의 경쟁력을 더욱 강화할 것입니다.

결론적으로, DX 부문 산하 9개 지역총괄은 삼성전자의 해외 시장에서의 성장을 이끄는 핵심적인 역할을 하며, 지속적인 제품 혁신과 시장 맞춤형 전략을 통해 향후에도 높은 성장 잠재력을 지니고 있습니다.","해외 (DX 부문 산하 9개 지역총괄)는 북미, 유럽, 중국, 동남아 등 다양한 지역을 총괄하며, 시장 점유율 확대와 신제품 출시, R&D 투자 등을 통해 성장 잠재력을 가지고 있습니다.",32.26,0.6153846153846154,0.8770174057879473
Graph Hybrid,Tech Investor,DS 부문의 메모리 사업이 시장에서 어떤 성장 잠재력을 가지고 있다고 생각하십니까?,"DS 부문의 메모리 사업은 여러 요인으로 인해 상당한 성장 잠재력을 가지고 있습니다. 우선, 삼성전자의 메모리 사업은 전체 매출의 약 40%를 차지하며, 2023년 3분기 기준으로 메모리 제품의 매출이 전년 대비 15% 증가한 20조 원에 달했습니다. 이러한 성장은 메모리 사업의 안정적인 수익 구조를 나타내며, 앞으로도 지속적인 성장이 기대됩니다.

특히, DS 부문은 2024년 4월에 9세대 V낸드 양산을 시작하고, 2024년 10월에는 24Gb GDDR7 D램의 개발을 예정하고 있어 기술 혁신을 통해 시장에서의 경쟁력을 강화할 계획입니다. 이러한 신제품들은 AI 및 고성능 컴퓨팅(HPC) 시장에서의 수요 증가에 대응할 수 있는 기반을 마련할 것입니다. 또한, AI 기술의 접목은 메모리 제품에 대한 수요를 더욱 증가시킬 것으로 예상됩니다.

삼성전자는 연간 약 5조 원을 메모리 솔루션 개발에 투자할 계획이며, 차세대 DRAM 및 NAND Flash 기술 개발에 집중하고 있습니다. 이러한 기술적 발전은 메모리 시장의 수요 증가에 대응할 수 있는 중요한 요소로 작용할 것입니다. 그러나 글로벌 반도체 시장의 경쟁 심화와 중국 시장의 규제는 성장에 위협 요소로 작용할 수 있으므로, 이러한 리스크를 잘 관리하는 것이 중요합니다.

결론적으로, DS 부문의 메모리 사업은 기술 혁신, 시장 수요 증가, 그리고 삼성전자의 지속적인 투자 덕분에 앞으로도 긍정적인 성장 잠재력을 가지고 있다고 평가할 수 있습니다.","DS 부문의 메모리 사업은 24시간 3교대 작업을 실시하고 있으며, 2025년 3분기 가동률은 휴일을 포함하여 총 273일입니다. 이는 생산라인 별 가동률이 높음을 보여주며, 시장에서 성장 잠재력을 갖추고 있다고 볼 수 있습니다.",36.21,0.8823529411764706,0.9101435670124037
Graph Hybrid,Risk Manager,제57기 3분기와 이전 기수들의 생산라인 수는 어떻게 변화했나요?,"제57기 3분기 삼성전자의 생산라인 수에 대한 구체적인 정보는 제공된 중간 그래프 답변에 포함되어 있지 않습니다. 따라서, 제57기 3분기와 이전 기수들의 생산라인 수의 변화에 대해 명확한 답변을 드릴 수 없습니다. 

현재 제공된 정보는 주로 제57기 3분기의 재무 실적, 가동률, 감사 보고서와 관련된 내용에 집중되어 있으며, 생산라인 수에 대한 데이터는 포함되어 있지 않습니다. 추가적인 정보가 필요하다면, 삼성전자의 공식 보고서나 관련 자료를 참조하시기를 권장합니다.","제57기 3분기에는 생산라인 수가 명시되어 있지 않지만, 제56기와 제55기에는 각각 41,354개와 40,085개로 나타나 있습니다. 따라서 생산라인 수는 이전 기수들 간에 약간의 변동이 있었음을 알 수 있습니다.",17.99,1.0,0.0
Graph Hybrid,Tech Investor,삼성전자의 DS 부문의 메모리 사업이 시장에서 어떤 성장 잠재력을 가지고 있다고 생각하십니까?,"삼성전자의 DS(Device Solutions) 부문의 메모리 사업은 여러 가지 요인으로 인해 상당한 성장 잠재력을 가지고 있습니다. 우선, 메모리 솔루션 부문은 삼성전자의 전체 매출에서 약 40%를 차지하며, 2023년 3분기 기준으로 메모리 제품의 매출이 전년 대비 15% 증가한 20조 원에 달했습니다. 이러한 성장은 메모리 사업의 안정적인 수요와 시장에서의 경쟁력을 나타냅니다.

특히, 삼성전자는 2024년 4월에 업계 최초의 9세대 V낸드 양산을 시작할 예정이며, 2024년 10월에는 24Gb GDDR7 D램의 개발이 예정되어 있어, 이는 메모리 시장에서의 경쟁력을 더욱 강화할 것으로 기대됩니다. AI 및 클라우드 컴퓨팅의 성장으로 인해 메모리 수요는 지속적으로 증가할 것으로 예상되며, 이는 삼성전자가 새로운 기회를 창출할 수 있는 기반이 될 것입니다.

또한, 삼성전자는 메모리 사업의 기술 혁신에 집중하고 있으며, DRAM TD팀과 메모리 제조기술센터가 협력하여 반도체 기술 개발에 중점을 두고 있습니다. 이러한 기술적 진보는 시장에서의 경쟁력을 높이는 데 기여할 것입니다. 그러나 글로벌 반도체 시장의 경쟁 심화와 공급망 불안정성은 여전히 리스크로 작용할 수 있습니다.

결론적으로, 삼성전자의 DS 부문의 메모리 사업은 기술 혁신, 안정적인 수요, 그리고 AI 및 클라우드 컴퓨팅의 성장에 힘입어 시장에서 상당한 성장 잠재력을 가지고 있으며, 이를 통해 지속적인 매출 증가와 시장 점유율 확대를 기대할 수 있습니다.","제공된 컨텍스트에는 DS 부문의 메모리 사업의 성장 잠재력에 대한 구체적인 내용이 포함되어 있지 않습니다. 다만, DS 부문의 메모리 사업은 24시간 3교대 작업을 실시하며, 2025년 제57기 3분기 가동률이 100.0%로 매우 높은 수준임을 알 수 있습니다.",33.75,1.0,0.8799129173557849
Graph Hybrid,Tech Investor,DX 부문이 성장할 가능성 있나요?,"삼성전자의 DX(Device eXperience) 부문은 여러 긍정적인 요소들 덕분에 성장 가능성이 높습니다. 2025년 반기 매출이 95조 2,874억원에 이를 것으로 예상되며, 이는 스마트폰과 TV 시장에서의 지속적인 성장이 기여하고 있습니다. 특히, 스마트폰 시장의 성장률이 12.3억대에 이를 것으로 보이며, TV 시장 점유율이 28.9%에 달할 것으로 전망되고 있습니다. 이러한 시장 전망은 DX 부문의 성장 가능성을 더욱 높이는 요인으로 작용합니다.

또한, DX 부문은 2024년 매출액이 174.9조원, 영업이익이 12.4조원에 이를 것으로 예상되고 있으며, 이는 삼성전자가 혁신적인 제품 출시와 연구개발에 지속적으로 투자하고 있다는 점에서 기인합니다. 이러한 투자와 기술 혁신은 DX 부문의 경쟁력을 강화하는 데 중요한 역할을 하고 있습니다.

더불어, 삼성전자는 AI 기술의 접목과 고성능 메모리 제품의 개발을 통해 시장 경쟁력을 더욱 강화할 계획입니다. 특히, B2B 및 디지털 사이니지 시장에서의 경쟁력 강화를 위한 다양한 제품군과 기술적 혁신도 DX 부문의 성장에 기여할 것으로 보입니다. 예를 들어, Tizen 결제모듈을 포함한 All-in-one Kiosk의 도입은 디지털 전환 솔루션으로서의 시장 점유율을 높일 수 있는 기회를 제공합니다.

그러나 DX 부문이 성장하기 위해서는 경쟁이 치열한 프리미엄 TV 시장에서의 지속적인 혁신이 필요하며, 외환차이로 인한 금융수익 변동과 같은 리스크도 존재합니다. 이러한 요소들을 종합적으로 고려할 때, DX 부문은 긍정적인 성장 가능성을 지니고 있지만, 시장의 변화와 경쟁 상황에 따라 신중한 접근이 필요합니다.","제공된 자료에는 DX 부문의 생산실적과 가동률이 포함되어 있으며, TV, 모니터 등은 77.2%, 스마트폰 등은 79.7%의 가동률을 기록하고 있습니다. 이 수치는 DX 부문의 생산능력 대비 실제 생산량을 보여주며, 시장 점유율이나 신제품 출시와 관련된 구체적인 성장 잠재력에 대한 정보는 포함되어 있지 않습니다.",31.76,1.0,0.0
Graph Hybrid,Tech Investor,"이 DS 부문의 메모리 사업과 SDC 디스플레이 패널 사업이 24시간 3교대 작업을 하는데, 2025년 3분기 가동일이 273일이면, 이게 생산 능력이나 시장 점유율에 어떤 영향이 있나요?","2025년 3분기 DS 부문의 메모리 사업과 SDC 디스플레이 패널 사업이 24시간 3교대 작업을 수행하고, 가동일이 273일이라는 정보는 이들 사업의 생산 능력과 시장 점유율에 긍정적인 영향을 미칠 가능성이 있습니다. 

가동일이 273일이라는 것은 연중 상당한 기간 동안 생산이 이루어짐을 의미하며, 이는 생산 능력을 극대화할 수 있는 조건을 제공합니다. 특히, DS 부문은 메모리 제품에서 DRAM과 NAND Flash를 포함하여 다양한 제품을 생산하고 있으며, SDC는 스마트폰용 OLED 패널과 같은 고부가가치 디스플레이 패널을 제조하고 있습니다. 이러한 제품들은 현재 시장에서 높은 수요를 보이고 있으며, 특히 AI와 관련된 서버 수요가 증가하고 있는 상황입니다.

또한, DS 부문은 메모리 사업이 전체 매출의 약 40%를 차지하고 있으며, SDC는 OLED 패널 시장에서 점유율을 확대하고 있습니다. 2025년 3분기에는 SDC의 스마트폰용 OLED 디스플레이 시장 점유율이 51.8%로 예상되고 있습니다. 이는 가동일 수가 높고, 24시간 3교대 작업을 통해 생산 능력을 극대화함으로써 시장 점유율을 유지하거나 확대하는 데 기여할 수 있음을 시사합니다.

그러나, 제공된 정보에는 가동일 수가 생산 능력이나 시장 점유율에 미치는 구체적인 수치나 분석이 포함되어 있지 않기 때문에, 이러한 긍정적인 영향이 실제로 얼마나 클지는 명확히 판단하기 어렵습니다. 또한, 반도체 시장의 경쟁이 치열하고 원자재 가격 상승 및 공급망 불안정성이 리스크로 작용할 수 있다는 점도 고려해야 합니다. 이러한 리스크를 관리하고 새로운 시장 기회를 창출하는 것이 중요할 것입니다.","DS 부문의 메모리 사업과 SDC의 디스플레이 패널 사업은 24시간 3교대 작업을 실시하고 있으며, 2025년(제57기) 3분기 가동일은 휴일을 포함하여 총 273일입니다. 가동률은 생산라인별 가동 가능시간 대비 실제 가동 시간으로 산출하였으며, 각각 100.0%입니다.",37.37,0.7058823529411765,0.0
Graph Hybrid,Financial Analyst,"삼성전자의 국내 (DX 부문, DS 부문, SDC 산하 12개 사업장) 지역에 위치한 각 사업장의 구체적인 소재지와 그들이 담당하는 역할 또는 특징은 무엇인가요?","삼성전자는 국내에 여러 사업장을 운영하고 있으며, 각 사업장은 특정한 역할과 특징을 가지고 있습니다. 아래는 삼성전자의 주요 사업장과 그들이 담당하는 역할에 대한 요약입니다.

1. **수원사업장**:
   - **위치**: 경기도 수원시 영통구 삼성로 129
   - **역할**: 삼성전자의 본사로, DX(Device eXperience) 부문과 DS(Device Solutions) 부문을 포함한 다양한 사업의 관리 및 운영이 이루어집니다. 이 사업장은 또한 녹색기업으로 지정되어 친환경 경영을 실천하고 있습니다.

2. **DX 부문**:
   - **역할**: 소비자 전자제품을 생산 및 판매하는 부문으로, TV, 모니터, 스마트폰 등 다양한 제품을 포함합니다. 2023년에는 174,887,683천 원의 매출을 기록하였으며, 2024년까지 19년 연속 TV 판매 1위를 기록할 것으로 예상됩니다.

3. **DS 부문**:
   - **역할**: 메모리 반도체 및 System LSI 사업을 포함하며, DRAM, NAND Flash 등 반도체 부품을 생산합니다. 2023년에는 111조 660억 원의 매출을 기록하였고, 반도체 산업에서 중요한 역할을 하고 있습니다.

4. **SDC (Samsung Display Corporation)**:
   - **역할**: 중소형 디스플레이 패널 사업을 운영하며, 스마트폰용 OLED 패널, 폴더블 디스플레이, IT 기기용 디스플레이 등을 생산합니다. SDC는 퀀텀닷 기술을 활용한 프리미엄 제품을 특화하고 있으며, 2025년 반기에는 12조 2,469억 원의 매출을 기록할 것으로 예상됩니다.

각 사업장은 삼성전자의 전반적인 전략과 목표에 기여하며, 기술 혁신과 시장 점유율 확대를 위해 지속적으로 발전하고 있습니다. 이 외에도 삼성전자는 다양한 지역에 여러 사업장을 두고 있으며, 각 사업장은 특정 제품군이나 기술에 특화되어 운영되고 있습니다.","국내 지역에는 수원사업장(경기도 수원시 영통구 삼성로 129), 서초사업장(서울특별시 서초구 서초대로74길 11), 우면사업장(서울특별시 서초구 성촌길 33), 기흥사업장(경기도 용인시 기흥구 삼성로 1), 화성사업장(경기도 화성시 삼성전자로 1), 평택사업장(경기도 평택시 삼성로 114), 천안사업장(충청남도 천안시 서북구 번영로 465), 온양사업장(충청남도 아산시 배방읍 배방로 158), 아산사업장(충청남도 아산시 탕정면 삼성로 181), 구미1사업장(경상북도 구미시 1공단로 244), 구미2사업장(경상북도 구미시 3공단3로 302), 광주사업장(광주광역시 광산구 하남산단6번로 107)이 있으며, 각각의 소재지는 지역별로 다르지만 모두 삼성전자의 핵심 사업장으로서 다양한 역할을 수행하고 있습니다. 해외 지역에는 북미, 유럽, 중국, 동남아 등 9개 지역 총괄이 있으며, 각각 미국 뉴저지, 영국 서리, 중국 베이징, 싱가포르에 위치해 있습니다.",29.56,0.9090909090909091,0.8484568555908044
Graph Hybrid,Tech Investor,DS 부문이 메모리 사업과 디스플레이 패널 사업에 어떤 역할을 하는지 알 수 있나요?,"삼성전자의 DS(Device Solutions) 부문은 메모리 사업과 디스플레이 패널 사업에서 중요한 역할을 하고 있습니다. DS 부문은 메모리 반도체 및 System LSI 사업을 포함하며, 이 부문을 통해 삼성전자는 DRAM과 NAND Flash 제품을 생산하고 있습니다. 2025년 반기에는 53조 61억원의 매출을 기록하며, 메모리 사업의 성장을 지속적으로 이어가고 있습니다. 특히, 메모리 사업은 서버 및 PC/모바일 메모리 제품을 포함하고 있으며, AI와 GPU 수요에 영향을 받는 등 시장의 변화에 민감하게 반응하고 있습니다.

디스플레이 패널 사업에서도 DS 부문은 중요한 기여를 하고 있습니다. 삼성디스플레이는 OLED 패널을 포함한 다양한 디스플레이 패널을 생산하며, 2023년에는 16,009,547억 원의 매출을 기록했습니다. DS 부문은 디스플레이 패널의 가동률을 100%로 유지하며, 시장 점유율을 높이기 위한 전략적 기획과 실행을 통해 경쟁력을 강화하고 있습니다.

또한, DS 부문은 반도체 및 FPD(Flat Panel Display) 장비 서비스 제공을 통해 기술적 우위를 강화하고 있으며, 이는 메모리 사업과 디스플레이 패널 사업의 성장을 지원하는 데 기여하고 있습니다. 그러나 DS 부문이 디스플레이 패널 사업에 구체적으로 어떤 역할을 하는지에 대한 정보는 다소 부족하여, 이 부분에 대한 명확한 설명은 어렵습니다.

결론적으로, DS 부문은 메모리 사업과 디스플레이 패널 사업 모두에서 전략적 기획과 실행을 통해 시장 점유율을 높이고 있으며, 두 사업부의 지속 가능한 성장에 중요한 역할을 하고 있습니다.","DS 부문의 메모리 사업과 SDC의 디스플레이 패널 사업은 24시간 3교대 작업을 실시하고 있으며, 2025년(제57기) 3분기 가동일은 휴일을 포함하여 총 273일입니다.",33.14,1.0,0.0
Graph Hybrid,Financial Analyst,가동 가능시간이 뭐야?,"가동 가능시간은 특정 시스템이나 기계가 실제로 작동할 수 있는 시간을 의미합니다. 이는 주기와 관련된 개념으로, 동작이나 활동이 반복적으로 이루어지는 주기적인 특성을 반영합니다. 가동 가능시간은 시스템의 효율성과 생산성을 평가하는 데 중요한 지표로 사용되며, 유지보수나 고장으로 인한 비가동 시간을 제외한 실제 운영 시간을 나타냅니다. 

따라서, 가동 가능시간은 시스템의 성능을 최적화하고, 운영 비용을 절감하기 위해 관리해야 할 중요한 요소입니다.","가동 가능시간은 가동일에 생산라인 수와 24시간을 곱해서 산출한 시간으로, 실제 가동 시간과 비교하여 생산성을 평가하는 데 사용됩니다.",15.45,0.0,0.9702327931971011
Graph Hybrid,Tech Investor,"Harman의 가동률이 73.1%라고 하는데, 이게 가동률 맞아?","Harman의 가동률에 대한 정보는 여러 출처에서 다르게 나타나고 있습니다. 2025년 1분기 기준으로 Harman의 가동률은 74.5%로 기록되어 있으며, 2025년 반기에는 TV와 모니터의 가동률이 77.8%, 스마트폰의 가동률이 78.6%로 보고되었습니다. 또한, 2025년 3분기에는 TV와 모니터의 가동률이 77.2%, 스마트폰은 79.7%로 나타났습니다. 

따라서, ""Harman의 가동률이 73.1%라는 정보""는 현재 제공된 데이터와 일치하지 않으며, 정확한 수치는 74.5%입니다. 이와 같은 차이는 정보의 출처나 시점에 따라 발생할 수 있으므로, 확인이 필요합니다.",Harman의 2025년(제57기) 3분기 가동률은 생산능력 대비 생산실적으로 산출하였으며 73.1%입니다.,19.09,0.7777777777777778,0.0
Graph Hybrid,Tech Investor,DS 부문의 성장 잠재력은 무엇입니까?,"DS 부문의 성장 잠재력은 여러 가지 요소에 기반하고 있으며, 이는 삼성전자의 반도체 및 메모리 시장에서의 전략적 접근과 기술 혁신에 크게 의존하고 있습니다.

첫째, DS 부문은 메모리 및 반도체 시장에서의 매출 성장을 목표로 하고 있으며, 2023년 3분기 기준으로 반도체 부문 매출이 20조 원을 초과할 것으로 예상되고 있습니다. 이는 전년 대비 15% 증가한 수치로, 시장에서의 성장 가능성을 나타냅니다. 특히, DS 부문은 DRAM과 NAND Flash 제품을 포함한 다양한 메모리 솔루션을 생산하고 있으며, 2025년에는 Galaxy Z 플립7과 Galaxy S25 시리즈와 같은 최신 반도체 기술을 양산할 계획입니다.

둘째, DS 부문은 차세대 메모리 제품인 HBM(High Bandwidth Memory)과 같은 혁신적인 기술 개발에 집중하고 있습니다. 2024년에는 업계 최초의 9세대 V낸드 양산이 시작될 예정이며, 이는 메모리 시장에서의 경쟁력을 강화하는 중요한 요소로 작용할 것입니다. 또한, AI 기반의 프로비주얼 엔진을 탑재한 제품을 통해 사용자 경험을 향상시키는 것도 DS 부문의 기회를 확대하는 데 기여할 것입니다.

셋째, DS 부문은 효율적인 자원 배분과 비용 관리를 통해 매출 증가를 도모하고 있으며, Mobile eXperience 부문과의 협력은 매출 증대에 긍정적인 영향을 미칠 것으로 예상됩니다. 또한, 삼성전자는 Tsinghua University와의 협력 관계를 통해 인재 확보 및 기술 개발에 대한 기회를 모색하고 있습니다.

마지막으로, DS 부문은 글로벌 제조 및 인프라 부문에서의 경쟁 심화와 공급망 불안정성 같은 리스크에 직면해 있지만, 이러한 도전 과제를 극복하기 위한 지속적인 기술 혁신과 전략적 기획이 이루어지고 있습니다. 따라서, DS 부문의 성장 잠재력은 반도체 및 메모리 시장에서의 기술 혁신, 효율적인 운영, 그리고 글로벌 협력 관계를 통해 더욱 강화될 것으로 기대됩니다.","제공된 자료에 따르면, DS 부문은 메모리 사업이 1,638,875,991 단위로, 24시간 3교대 작업을 실시하며, 2025년 제57기 3분기 가동률은 79.7%입니다. 또한, 디스플레이 패널 사업도 중요한 부분으로, 1,361 단위의 생산실적을 기록하고 있습니다. 이러한 생산능력과 가동률은 DS 부문의 성장 잠재력을 보여줍니다.",36.32,1.0,0.8910575248691742
Graph Hybrid,Financial Analyst,DS 부문이란 무엇인가요?,"DS 부문은 삼성전자의 반도체 및 네트워크 관련 사업 부문을 의미하며, 주로 메모리 반도체와 System LSI(대규모 집적 회로) 사업을 포함합니다. 이 부문은 DRAM과 NAND Flash 제품을 생산하며, 2025년 반기에는 1,019,234백만 개의 메모리를 생산할 계획입니다. 2023년에는 DS 부문에서 111조 660억 원의 매출을 기록하였고, 2025년 반기에는 53조 61억 원의 매출을 목표로 하고 있습니다.

DS 부문은 반도체 기술 개발과 마케팅 전략을 통해 경쟁력을 강화하고 있으며, 특히 메모리 전략 마케팅실이 중심이 되어 시장 점유율을 높이기 위한 다양한 전략을 수립하고 있습니다. 또한, 경영위원회가 자원 배분을 결정하고, 기획팀과 구매팀이 협력하여 원가 절감 및 공급망 최적화를 목표로 하고 있습니다.

2023년 3분기에는 DS 부문의 총자산이 3,405,043억 원에 달하며, 영업이익은 15,094,486천 원을 기록했습니다. 이러한 성과는 DS 부문이 고객 만족도를 높이고 매출 증가로 이어질 가능성을 높이는 데 기여하고 있습니다. 

결론적으로, DS 부문은 삼성전자의 핵심 반도체 사업 부문으로, 메모리 및 시스템 LSI 제품을 통해 시장에서의 경쟁력을 강화하고 지속적인 성장을 추구하고 있습니다.","DS 부문은 메모리 사업을 포함하며, 24시간 3교대 작업을 실시하고 있고, 2025년 3분기 가동일은 휴일을 포함하여 총 273일입니다. 또한, 생산능력 대비 실제 생산 대수와 가동률이 언급되어 있습니다.",20.64,1.0,0.8286865083630602
