Mode,Category,Question,Answer,Latency,Faithfulness,Answer Relevance
Naive RAG,Specific Fact,HBM3E 12단의 대역폭은 얼마인가?,문서에 관련 정보가 없습니다.,7.37,0.0,0.0
Naive RAG,Specific Fact,갤럭시 S24 시리즈에 탑재된 주요 AI 기능은 무엇인가?,"갤럭시 S24 시리즈에 탑재된 주요 AI 기능은 다음과 같습니다:

- **서클 투 서치**: 사용자가 원하는 정보를 쉽게 찾을 수 있도록 돕는 기능입니다.
- **실시간 통역**: 다양한 언어 간의 실시간 번역을 지원하여 소통을 원활하게 합니다.
- **포토/노트/채팅 어시스트**: 사진 편집, 노트 작성, 채팅 시 도움을 주는 기능으로, 사용자 경험을 향상시킵니다.

이러한 AI 기능들은 갤럭시 AI 기능을 통해 사용자에게 새로운 경험과 가치를 제공하는 데 중점을 두고 있습니다.",7.55,0.4444444444444444,0.6033977667044966
Naive RAG,Broad Summary,삼성전자의 2024년 DX 부문 주요 경영 전략은 무엇인가?,문서에 관련 정보가 없습니다.,4.09,0.0,0.0
Naive RAG,Broad Summary,글로벌 경기 침체에 대응하기 위한 삼성전자의 전사적 리스크 관리 방안은?,문서에 관련 정보가 없습니다.,4.37,0.0,0.0
Naive RAG,Hybrid,HBM 시장의 성장세가 삼성전자 DS 부문의 전체 매출에 미치는 영향은?,"**HBM 시장의 성장세가 삼성전자 DS 부문의 전체 매출에 미치는 영향 분석**

1. **HBM 수요 강세**:
   - 2024년 4분기 메모리 시장에서 **AI향 투자가 지속**되며 HBM과 서버향 DRAM 수요가 견조세를 보이고 있습니다. 이는 삼성전자의 HBM 제품 판매 확대에 긍정적인 영향을 미칠 것으로 예상됩니다.

2. **제품 믹스 최적화**:
   - 삼성전자는 **AI 서버향 수요 강세**를 바탕으로 HBM3E 및 고용량 DDR5 제품 중심으로 제품 믹스를 최적화할 계획입니다. 이는 매출 증가에 기여할 것으로 보입니다.

3. **시장 점유율 변화**:
   - 2024년 DRAM 시장 점유율은 **41.5%**로, 2023년의 **42.2%**에서 감소하였습니다. HBM의 성장세가 이러한 점유율 감소를 어느 정도 상쇄할 수 있을 것으로 기대됩니다.

4. **전략적 대응**:
   - 삼성전자는 HBM 및 고용량 DDR5 제품을 중심으로 **사업 포트폴리오를 전환**하고 있으며, 이는 매출 증대에 기여할 것으로 예상됩니다.

5. **결론**:
   - HBM 시장의 성장세는 삼성전자 DS 부문의 전체 매출에 긍정적인 영향을 미칠 것으로 보이며, 특히 AI 및 서버향 수요에 대한 대응 전략이 매출 증대에 중요한 역할을 할 것입니다.",11.97,0.9333333333333333,0.5283933714467973
Naive RAG,Hybrid,"삼성전자의 친환경 경영 전략과 주요 제품(갤럭시, 반도체)의 연관성은?",문서에 관련 정보가 없습니다.,4.87,0.0,0.0
Graph Local,Specific Fact,HBM3E 12단의 대역폭은 얼마인가?,"지식 그래프 내에 관련 정보가 부족하여 HBM3E 12단의 대역폭에 대한 구체적인 수치를 제공할 수 없습니다. HBM3E는 고대역폭 메모리 제품으로, 삼성전자가 2023년 3분기에 판매를 확대하고 있으며, DRAM 부문에서도 HBM3E 개선 제품의 판매가 증가하고 있다는 정보는 확인되지만, 12단의 대역폭에 대한 세부 사항은 포함되어 있지 않습니다. 추가적인 정보가 필요합니다.",7.63,0.7142857142857143,0.0
Graph Local,Specific Fact,갤럭시 S24 시리즈에 탑재된 주요 AI 기능은 무엇인가?,"갤럭시 S24 시리즈는 여러 가지 주요 AI 기능을 탑재하고 있습니다. 우선, Galaxy AI 기능이 포함되어 있어 사용자 경험을 혁신적으로 향상시키는 데 기여합니다. 이 기능은 사용자의 행동을 학습하고, 개인화된 서비스를 제공하여 보다 효율적인 스마트폰 사용을 가능하게 합니다.

또한, 갤럭시 S24는 AI ProVisual Engine을 통해 카메라 기능을 강화하고 있습니다. 이 엔진은 사진 촬영 시 최적의 화질을 제공하며, 다양한 촬영 환경에 맞춰 자동으로 조정되는 기능을 포함하고 있습니다. 이러한 AI 기반의 카메라 기술은 사용자에게 더욱 향상된 사진 편집 경험을 제공합니다.

마지막으로, 갤럭시 S24는 개인 정보 보호 및 보안 기능을 강화하는 AI 기술을 적용하여, 사용자 데이터의 안전성을 높이고 있습니다. 이러한 AI 기능들은 갤럭시 S24 시리즈의 전반적인 성능과 사용자 경험을 크게 향상시키는 요소로 작용하고 있습니다.",12.79,0.5,0.6006080021072064
Graph Local,Broad Summary,삼성전자의 2024년 DX 부문 주요 경영 전략은 무엇인가?,"삼성전자의 2024년 DX(디지털 전환) 부문 주요 경영 전략은 인공지능(AI) 기술의 통합과 혁신을 중심으로 구성되어 있습니다. 삼성전자는 AI 기술에 약 5조 원을 투자하며, 이를 통해 소비자 경험을 향상시키고 다양한 제품에 AI 기능을 접목할 계획입니다. 예를 들어, Galaxy S24는 Galaxy AI 기능을 탑재하여 사용자 경험을 혁신하고, AI ProVisual Engine을 통해 카메라 기능을 강화하는 등 AI 기술을 적극 활용하고 있습니다.

또한, 삼성전자는 AI에 최적화된 고용량 D램 솔루션을 제공할 예정이며, 이는 12나노급 D램과 32Gb DDR5 D램을 포함합니다. 이러한 메모리 제품들은 AI 응용처에 사용될 것으로 기대되며, AI 기술이 HPC(고성능 컴퓨팅) 및 오토모티브 분야에도 적용될 예정입니다.

R&D(연구개발) 부문에서도 삼성전자는 업계 최고 수준의 역량을 보유하고 있으며, 2025년까지 미국에서 4,594건의 특허를 등록할 계획입니다. 이러한 연구개발 활동은 AI와 차세대 컴퓨팅의 응용처 확산을 목표로 하고 있습니다.

결론적으로, 삼성전자의 2024년 DX 부문 경영 전략은 AI 기술의 통합과 혁신을 통해 소비자 경험을 향상시키고, 다양한 제품에 AI 기능을 접목하여 시장에서의 경쟁력을 강화하는 데 중점을 두고 있습니다.",12.09,0.7142857142857143,0.3734107313506061
Graph Local,Broad Summary,글로벌 경기 침체에 대응하기 위한 삼성전자의 전사적 리스크 관리 방안은?,"글로벌 경기 침체에 대응하기 위한 삼성전자의 전사적 리스크 관리 방안에 대한 구체적인 정보는 제공된 중간 그래프 답변들에서 직접적으로 확인할 수 없습니다. 그러나 삼성전자는 일반적으로 다음과 같은 전략을 통해 리스크를 관리하고 있습니다:

1. **다각화된 제품 포트폴리오**: 삼성전자는 반도체, 디스플레이 패널, 전자제품 등 다양한 제품 라인을 보유하고 있습니다. 이러한 다각화는 특정 시장의 침체가 전체 매출에 미치는 영향을 줄이는 데 기여합니다.

2. **글로벌 시장 접근**: 삼성전자는 미국, 중국, 유럽 등 다양한 지역에 법인을 두고 있으며, 이를 통해 지역별 경제 상황에 따라 유연하게 대응할 수 있습니다. 예를 들어, 미국 내 반도체 및 디스플레이 패널 판매를 담당하는 SSI와 같은 법인은 특정 지역의 수요 변화에 즉각적으로 대응할 수 있는 구조를 갖추고 있습니다.

3. **재무 건전성 유지**: 삼성전자는 대여금 및 매출 기록을 통해 재무 건전성을 유지하고 있으며, 이는 경기 침체 시에도 안정적인 운영을 가능하게 합니다. 예를 들어, SSI는 2025년 1분기에 21,669,834의 반도체 매출을 기록하는 등 안정적인 수익을 창출하고 있습니다.

4. **R&D 투자**: 삼성전자는 지속적인 연구개발(R&D) 투자를 통해 기술 혁신을 추구하고 있으며, 이는 경쟁력을 유지하고 새로운 시장 기회를 창출하는 데 중요한 역할을 합니다. 

5. **위기 대응 체계 구축**: 삼성전자는 전사적 리스크 관리 체계를 통해 다양한 리스크를 사전에 식별하고 대응 방안을 마련하고 있습니다. 이는 글로벌 경기 침체와 같은 외부 충격에 대한 신속한 대응을 가능하게 합니다.

결론적으로, 삼성전자는 다각화된 제품 포트폴리오, 글로벌 시장 접근, 재무 건전성 유지, R&D 투자, 위기 대응 체계 구축 등을 통해 글로벌 경기 침체에 효과적으로 대응하고 있습니다. 그러나 구체적인 리스크 관리 방안에 대한 정보는 지식 그래프 내에 부족하여 더 이상의 세부 사항을 제공할 수 없습니다.",14.91,0.7058823529411765,0.0
Graph Local,Hybrid,HBM 시장의 성장세가 삼성전자 DS 부문의 전체 매출에 미치는 영향은?,"HBM(High Bandwidth Memory) 시장의 성장세는 삼성전자의 DS(디바이스 솔루션) 부문 전체 매출에 긍정적인 영향을 미칠 것으로 예상됩니다. 삼성전자는 HBM 반도체 제품을 생산하며, 특히 2024년 4분기에는 HBM 수요가 견조세를 보일 것으로 전망되고 있습니다. 이는 메모리 시장에서 HBM의 중요성이 증가하고 있음을 나타내며, 삼성전자가 업계 최초로 개발한 36GB HBM3E 12H D램과 같은 혁신적인 제품이 시장에서 경쟁력을 갖추고 있다는 점도 주목할 만합니다.

HBM은 고성능 메모리 제품으로, 데이터 센터, 인공지능, 머신러닝 등 다양한 분야에서의 활용도가 높아지고 있습니다. 이러한 수요 증가는 삼성전자의 DS 부문 매출 증가에 기여할 가능성이 큽니다. 따라서 HBM 시장의 성장세는 삼성전자의 전체 매출에 긍정적인 영향을 미칠 것으로 보이며, 이는 회사의 전략적 방향성과도 일치합니다.

결론적으로, HBM 시장의 성장세는 삼성전자의 DS 부문 매출에 긍정적인 영향을 미칠 것으로 예상되며, 이는 회사의 지속적인 기술 혁신과 시장 대응 전략에 기반한 결과입니다.",10.57,0.25,0.515331241194945
Graph Local,Hybrid,"삼성전자의 친환경 경영 전략과 주요 제품(갤럭시, 반도체)의 연관성은?","삼성전자의 친환경 경영 전략은 지속 가능한 발전을 목표로 하며, 이는 주요 제품인 갤럭시 스마트폰과 반도체 제품에 깊은 연관성을 가지고 있습니다. 삼성전자는 환경 보호와 자원 절약을 위해 다양한 노력을 기울이고 있으며, 이러한 전략은 제품 개발 및 제조 과정에 통합되고 있습니다.

첫째, 갤럭시 스마트폰은 친환경적인 소재와 기술을 활용하여 제작되고 있습니다. 예를 들어, 삼성전자는 재활용 가능한 소재를 사용하고, 에너지 효율성을 높이는 기술을 적용하여 제품의 전체적인 환경 영향을 줄이고 있습니다. 이러한 접근은 소비자에게도 긍정적인 경험을 제공하며, 브랜드 이미지 강화에 기여합니다.

둘째, 반도체 부문에서도 친환경 경영이 중요한 역할을 하고 있습니다. 삼성전자는 반도체 제조 과정에서 에너지 소비를 줄이고, 폐기물 발생을 최소화하기 위한 다양한 기술을 도입하고 있습니다. 특히, AI 기술을 활용하여 생산 공정을 최적화하고, 자원 효율성을 높이는 방향으로 연구개발(R&D)을 진행하고 있습니다. 이러한 R&D 활동은 삼성전자가 2025년까지 4,594건의 특허를 등록하는 데 기여하며, 지속 가능한 기술 혁신을 이끌고 있습니다.

셋째, 삼성전자는 AI 기술을 통해 제품의 성능을 향상시키고, 동시에 에너지 소비를 줄이는 방향으로 나아가고 있습니다. 예를 들어, AI가 적용된 갤럭시 제품은 사용자 경험을 개선하면서도 에너지 효율성을 높이는 데 기여하고 있습니다. 반도체 제품 또한 AI에 최적화된 고용량 D램 솔루션을 제공하여, 데이터 센터와 같은 대규모 환경에서도 에너지 효율성을 극대화할 수 있도록 설계되고 있습니다.

결론적으로, 삼성전자의 친환경 경영 전략은 갤럭시 스마트폰과 반도체 제품의 개발 및 제조 과정에 깊이 통합되어 있으며, 이는 지속 가능한 발전을 위한 중요한 기반이 되고 있습니다. 이러한 전략은 소비자에게 긍정적인 경험을 제공하고, 기업의 사회적 책임을 다하는 데 기여하고 있습니다.",18.37,0.07407407407407407,0.3312915659090086
Graph Global,Specific Fact,HBM3E 12단의 대역폭은 얼마인가?,"지식 그래프 내에 관련 정보가 부족하여 HBM3E 12단의 대역폭에 대한 구체적인 수치를 제공할 수 없습니다. HBM3E는 고대역폭 메모리 기술로, 일반적으로 높은 대역폭을 제공하지만, 정확한 수치는 해당 기술의 세부 사양이나 제조사에 따라 다를 수 있습니다. 추가적인 정보가 필요하다면, HBM3E의 공식 문서나 관련 기술 자료를 참조하시기 바랍니다.",13.81,0.3333333333333333,0.0
Graph Global,Specific Fact,갤럭시 S24 시리즈에 탑재된 주요 AI 기능은 무엇인가?,"갤럭시 S24 시리즈가 AI폰으로 출시될 예정이라는 정보는 확인되었으나, 구체적인 AI 기능에 대한 세부 사항은 제공된 자료에 포함되어 있지 않습니다. 따라서 갤럭시 S24 시리즈에 탑재된 주요 AI 기능에 대한 구체적인 답변을 드릴 수 없습니다. 추가적인 정보가 필요하다면, 공식 발표나 관련 자료를 참고하시기를 권장합니다.",14.45,0.5,0.0
Graph Global,Broad Summary,삼성전자의 2024년 DX 부문 주요 경영 전략은 무엇인가?,"삼성전자의 2024년 DX 부문 주요 경영 전략은 다음과 같습니다. 회사는 매출액 174.9조원과 영업이익 12.4조원을 목표로 설정하고 있으며, 이를 통해 재무적 성과를 극대화하고자 합니다. 또한, 연간 9.8조원의 정규 배당을 실시하여 주주 가치를 제고하는 데 집중하고 있습니다. 

제품 혁신 측면에서는 갤럭시 S24와 같은 신제품 출시를 통해 시장 경쟁력을 강화할 계획입니다. 마지막으로, ESG(환경, 사회, 지배구조) 관련 전략을 지속가능경영위원회를 통해 더욱 강화하여 지속 가능한 경영을 추구하고 있습니다. 이러한 전략들은 삼성전자가 DX 부문에서의 성장을 도모하고, 시장에서의 입지를 더욱 확고히 하기 위한 종합적인 접근을 보여줍니다.",19.64,0.7142857142857143,0.37053589320356756
Graph Global,Broad Summary,글로벌 경기 침체에 대응하기 위한 삼성전자의 전사적 리스크 관리 방안은?,"삼성전자는 글로벌 경기 침체에 대응하기 위해 다양한 전사적 리스크 관리 방안을 마련하고 있습니다. 우선, 글로벌 시장에서의 경쟁 심화와 기술 혁신을 통해 사업 기회를 확대하고 있으며, ESG 관련 법규 준수와 환경 인증을 통해 지속 가능한 경영을 강화하고 있습니다. 이러한 노력은 시장 변화에 따른 리스크 관리와 고객 협력 강화를 통해 수익성 개선을 도모하는 데 기여하고 있습니다.

특히, 삼성전자는 환율 변동 위험과 유동성 위험을 관리하기 위해 다양한 금융 상품과 전략을 활용하여 안정적인 재무 구조를 유지하고 있습니다. 지급 보증 계약을 통해 자금 유동성을 확보하고, 운영 자금 관리 및 지급 보증 체계의 강화를 통해 리스크를 최소화하고 있습니다. 또한, 지역금융센터를 통해 재무위험과 환율변동 위험을 모니터링하며, 동남아시아 및 CIS 지역에서의 사업 확장을 통해 성장 가능성을 높이고 있습니다.

R&D 투자 강화를 통해 유럽 및 아시아 시장에서의 판매 확대를 모색하고 있으며, AI 기술 및 고성능 메모리 제품의 수요 증가를 기회로 활용하고 있습니다. 그러나 각 지역의 정치적 및 경제적 불확실성이 리스크로 작용할 수 있으며, 이에 대한 전략적 대응이 필요합니다. 또한, 2025년부터 적용될 새로운 회계 기준에 대한 준비도 중요한 요소로 언급되고 있습니다.

결론적으로, 삼성전자는 글로벌 경기 침체에 대응하기 위해 다각적인 리스크 관리 방안을 추진하고 있으며, 이는 지속적인 성장과 안정성을 확보하기 위한 필수적인 전략으로 볼 수 있습니다.",23.64,1.0,0.19714875317816108
Graph Global,Hybrid,HBM 시장의 성장세가 삼성전자 DS 부문의 전체 매출에 미치는 영향은?,"HBM(High Bandwidth Memory) 시장의 성장세가 삼성전자 DS(Device Solutions) 부문의 전체 매출에 미치는 영향에 대한 정보는 여러 중간 답변에서 확인할 수 있습니다. 삼성전자의 DS 부문은 반도체 및 메모리 제품을 포함하여 다양한 전자 제품을 제공하고 있으며, 특히 HBM3E D램과 같은 고성능 메모리 제품의 개발이 시장 경쟁력을 강화할 것으로 예상됩니다. HBM 시장의 성장세는 고성능 메모리 제품에 대한 수요 증가와 관련이 있으며, 이는 DS 부문의 매출에 긍정적인 영향을 미칠 가능성이 있습니다.

2023년 3분기 동안 삼성전자의 메모리 사업부는 844,630억 원의 매출을 기록하며 가동률이 100%에 달하는 안정적인 성장을 이어가고 있습니다. 이는 메모리 사업부의 성장이 DS 부문의 전체 매출에 긍정적인 영향을 미칠 수 있음을 시사합니다. 그러나 HBM 시장의 구체적인 성장세와 그에 따른 매출 영향에 대한 직접적인 수치는 제공되지 않았습니다.

또한, 삼성전자의 메모리 솔루션 부문은 전체 매출에서 약 40%를 차지하고 있으며, 메모리 제품의 매출이 전년 대비 15% 증가한 20조 원에 달했다고 언급되고 있습니다. 하지만 HBM 시장의 성장세가 DS 부문 전체 매출에 미치는 구체적인 영향에 대한 정보는 부족합니다. 

결론적으로, HBM 시장의 성장세는 삼성전자 DS 부문의 매출에 긍정적인 영향을 미칠 가능성이 있지만, 그 영향의 구체적인 규모나 수치는 명확히 제시되지 않았습니다. 따라서 HBM 시장의 성장세가 삼성전자 DS 부문에 미치는 영향에 대한 명확한 답변을 제공하기에는 정보가 부족합니다.",32.34,0.9333333333333333,0.0
Graph Global,Hybrid,"삼성전자의 친환경 경영 전략과 주요 제품(갤럭시, 반도체)의 연관성은?","삼성전자의 친환경 경영 전략은 다양한 인증과 정책을 통해 지속 가능한 경영을 추구하고 있으며, 이는 글로벌 시장에서의 경쟁력 강화와 기술 혁신을 통해 사업 기회를 확대하는 데 기여하고 있습니다. 특히, 삼성전자는 ESG(환경, 사회, 지배구조) 관련 전략을 강화하기 위해 지속가능경영위원회를 운영하고 있으며, 이는 주주가치 제고를 목표로 하고 있습니다.

주요 제품인 갤럭시 시리즈는 이러한 친환경 경영 전략의 중요한 부분을 차지하고 있습니다. 예를 들어, 갤럭시 S24는 AI 기술을 접목한 혁신적인 스마트폰으로, 삼성전자의 기술 혁신을 상징합니다. 이러한 기술 혁신은 친환경적인 제품 개발과도 연결될 수 있으며, 이는 소비자에게 더 나은 사용자 경험을 제공하는 동시에 환경에 대한 책임을 다하는 방향으로 나아가고 있습니다.

또한, 삼성전자는 가전 제품에서도 친환경 경영을 실천하고 있으며, 2025년까지 출시 예정인 식기세척기와 같은 제품은 Energy Star Most Efficient 인증을 목표로 하여 에너지 효율성을 강조하고 있습니다. 이는 삼성전자의 친환경 경영 전략이 스마트폰뿐만 아니라 가전 제품의 혁신과 시장 점유율 확대에도 기여하고 있음을 보여줍니다.

그러나 반도체와 관련된 친환경 경영 전략에 대한 구체적인 정보는 부족하여, 갤럭시와 반도체 간의 연관성에 대한 명확한 설명은 제공되지 않고 있습니다. 반도체 기술의 발전이 지속 가능한 경영과 연관되어 있다는 점은 언급되었으나, 구체적인 사례나 전략에 대한 정보는 확인되지 않았습니다. 

결론적으로, 삼성전자의 친환경 경영 전략은 갤럭시와 같은 주요 제품의 혁신과 밀접하게 연관되어 있으며, 이는 지속 가능한 경영을 통해 시장에서의 경쟁력을 강화하는 데 기여하고 있습니다. 반면, 반도체와의 구체적인 연관성에 대한 정보는 현재로서는 부족합니다.",27.57,1.0,0.0
Graph Hybrid,Specific Fact,HBM3E 12단의 대역폭은 얼마인가?,"지식 그래프 내에 관련 정보가 부족하여 HBM3E 12단의 대역폭에 대한 구체적인 수치를 제공할 수 없습니다. HBM3E는 고대역폭 메모리 제품으로, 삼성전자가 2023년 3분기에 판매를 확대하고 있으며, DRAM 부문에서도 HBM3E 개선 제품의 판매가 증가하고 있다는 정보는 있지만, 12단의 대역폭에 대한 세부 사항은 포함되어 있지 않습니다. 추가적인 정보가 필요합니다.",17.49,0.7142857142857143,0.0
Graph Hybrid,Specific Fact,갤럭시 S24 시리즈에 탑재된 주요 AI 기능은 무엇인가?,"갤럭시 S24 시리즈는 여러 가지 혁신적인 AI 기능을 탑재하고 있습니다. 그러나 제공된 정보에서는 구체적인 AI 기능에 대한 세부 사항이 부족하여, 주요 AI 기능에 대한 명확한 답변을 제공하기 어렵습니다. 

다만, 갤럭시 S24는 Galaxy AI 기능을 포함하고 있으며, 이는 사용자 경험을 혁신하는 데 기여할 것으로 예상됩니다. 또한, AI ProVisual Engine을 통해 카메라 기능이 강화되어 사진 및 비디오 촬영 시 더욱 향상된 품질을 제공할 것으로 보입니다. 

이 외에도 AI 기술이 소비자의 경험을 향상시키는 데 중요한 역할을 하고 있으며, 삼성전자는 AI 기술에 대한 대규모 투자를 진행하고 있습니다. 하지만 구체적인 AI 기능이나 응용 사례에 대한 정보는 지식 그래프 내에 부족하여, 더 이상의 상세한 설명은 제공할 수 없습니다.",28.71,0.7272727272727273,0.0
Graph Hybrid,Broad Summary,삼성전자의 2024년 DX 부문 주요 경영 전략은 무엇인가?,"삼성전자의 2024년 DX(디지털 전환) 부문 주요 경영 전략은 다음과 같습니다. 회사는 매출액 174.9조 원, 영업이익 12.4조 원이라는 재무 목표를 설정하였습니다. 이를 달성하기 위해 연구개발 비용을 18조 641억 원으로 유지하며, 매출액 대비 연구개발비 비율을 11.8%로 끌어올리는 전략을 추진하고 있습니다. 

또한, 삼성전자는 갤럭시 S24와 같은 혁신적인 제품을 출시하여 시장 경쟁력을 강화하고 있으며, ESG(환경, 사회, 지배구조) 관련 전략을 지속적으로 강화하여 주주 가치를 제고하는 것을 목표로 하고 있습니다. 이러한 전략은 삼성전자가 기술 혁신과 지속 가능한 경영을 통해 글로벌 시장에서의 입지를 더욱 확고히 하려는 의지를 반영하고 있습니다. 

이와 같은 경영 전략은 삼성전자가 디지털 전환을 통해 미래 성장 동력을 확보하고, 경쟁력을 유지하기 위한 중요한 기반이 될 것입니다.",29.93,1.0,0.38922920322024374
Graph Hybrid,Broad Summary,글로벌 경기 침체에 대응하기 위한 삼성전자의 전사적 리스크 관리 방안은?,"삼성전자는 글로벌 경기 침체에 대응하기 위해 다양한 전사적 리스크 관리 방안을 마련하고 있습니다. 이러한 방안은 주로 외부 경제 요인, 특히 환율 변동과 유동성 위험을 관리하는 데 중점을 두고 있습니다. 삼성전자는 지역금융센터를 통해 재무위험과 환율 변동 위험을 모니터링하며, 이를 통해 안정적인 재무 구조를 유지하고 있습니다.

또한, 삼성전자는 신기술 및 벤처기업에 대한 투자를 확대하여 미래 성장 산업을 선도할 기회를 확보하고 있습니다. 반도체 및 디스플레이 시장에서의 경쟁력을 지속적으로 강화하고 있으며, AI 기술 및 고성능 메모리 제품의 수요 증가를 기회로 활용하고 있습니다. 이러한 전략은 글로벌 시장에서의 경쟁 심화에 대응하기 위한 중요한 요소로 작용하고 있습니다.

삼성전자는 또한 지급 보증 계약을 통해 자금 유동성을 확보하고 있으며, 운영 자금 관리 및 지급 보증 체계의 강화를 통해 리스크를 최소화하고 있습니다. 그러나 이러한 리스크 관리 방안에도 불구하고, 과태료 및 법적 제재와 같은 리스크 요소가 존재하여 지속적인 관리가 필요합니다.

마지막으로, 삼성전자는 2025년부터 적용될 새로운 회계 기준에 대한 준비도 리스크 관리의 일환으로 중요하게 다루고 있으며, 이는 전사적 차원에서의 전략적 접근을 포함하고 있습니다. 이러한 다양한 방안들은 삼성전자가 글로벌 경기 불확실성에 효과적으로 대응하고 지속 가능한 성장을 도모하기 위한 노력의 일환으로 볼 수 있습니다.",35.17,1.0,0.19714875317816113
Graph Hybrid,Hybrid,HBM 시장의 성장세가 삼성전자 DS 부문의 전체 매출에 미치는 영향은?,"HBM(High Bandwidth Memory) 시장의 성장세가 삼성전자 DS(Device Solutions) 부문의 전체 매출에 미치는 영향에 대한 정보는 여러 중간 답변에서 확인할 수 있습니다. 삼성전자는 HBM 반도체 제품을 생산하고 있으며, HBM3E 12H D램과 같은 고성능 메모리 제품의 개발을 통해 시장 경쟁력을 강화하고 있습니다. HBM 시장의 수요는 2024년 4분기에도 견조세를 보일 것으로 예상되며, 이는 삼성전자의 DS 부문 매출에 긍정적인 영향을 미칠 가능성이 있습니다.

그러나 HBM 시장의 성장세가 삼성전자 DS 부문의 전체 매출에 미치는 구체적인 영향에 대한 정보는 부족합니다. 여러 커뮤니티의 요약본에서는 HBM 시장의 성장세가 DS 부문 매출에 긍정적인 영향을 미칠 수 있다는 점은 언급되었으나, 구체적인 수치나 직접적인 영향에 대한 명확한 데이터는 제공되지 않았습니다. 예를 들어, 삼성전자의 DS 부문이 전체 매출의 60% 이상을 차지할 것으로 예상되지만, HBM 시장의 성장세가 이 비율에 어떻게 기여할지는 명확하지 않습니다.

결론적으로, HBM 시장의 성장세가 삼성전자 DS 부문에 긍정적인 영향을 미칠 가능성이 있지만, 그 구체적인 영향에 대한 정보는 현재로서는 부족하여 명확한 답변을 제공하기 어렵습니다.",35.59,0.9230769230769231,0.0
Graph Hybrid,Hybrid,"삼성전자의 친환경 경영 전략과 주요 제품(갤럭시, 반도체)의 연관성은?","삼성전자의 친환경 경영 전략은 지속 가능한 경영을 위한 다양한 인증과 정책을 통해 강화되고 있으며, 이는 주요 제품인 갤럭시와 반도체 부문에서도 반영될 것으로 예상됩니다. 삼성전자는 ESG(환경, 사회, 지배구조) 관련 전략을 통해 주주 가치를 제고하고 있으며, 이러한 친환경 경영은 기술 혁신과 연계되어 있습니다.

특히, 갤럭시 S24와 같은 AI 기반의 스마트폰은 기술 혁신을 상징하며, 이러한 혁신이 친환경적인 기술 개발과 연결될 가능성이 큽니다. 삼성전자는 AI 기술을 활용하여 사용자 경험을 향상시키고 있으며, 이는 갤럭시 제품에 적용되어 소비자에게 더 나은 경험을 제공하는 데 기여하고 있습니다.

반도체 부문에서도 삼성전자는 지속 가능한 경영을 통해 환경적 영향을 최소화하는 방향으로 나아가고 있습니다. ESG 관련 법규 준수와 환경 인증을 통해 반도체 기술의 지속 가능성을 강화하고 있으며, 이는 삼성전자의 전반적인 친환경 경영 전략과 밀접한 연관이 있습니다.

또한, 삼성전자는 2025년까지 출시 예정인 식기세척기가 Energy Star Most Efficient 인증을 목표로 하여 에너지 효율성을 강조하고 있으며, 이는 가전 제품의 에너지 효율성을 통해 친환경적인 이미지를 강화하려는 노력의 일환으로 볼 수 있습니다. 그러나 갤럭시 및 반도체 제품에 대한 친환경 경영 전략의 구체적인 연관성에 대한 정보는 제한적입니다.

결론적으로, 삼성전자의 친환경 경영 전략은 갤럭시와 반도체 제품의 기술 혁신 및 지속 가능성과 밀접하게 연결되어 있으며, 이러한 전략은 글로벌 시장에서의 경쟁력을 높이는 데 기여하고 있습니다.",34.79,1.0,0.0
